wall_time,sim_time,elapsed_s,panther/cmd_vel_nav_hz,panther/cmd_vel_nav_jitter_ms,panther/cmd_vel_nav_sim_hz,panther/cmd_vel_nav_sim_jitter_ms,panther/amcl_pose_hz,panther/amcl_pose_jitter_ms,panther/amcl_pose_sim_hz,panther/amcl_pose_sim_jitter_ms,panther/plan_hz,panther/plan_jitter_ms,panther/plan_sim_hz,panther/plan_sim_jitter_ms,panther/local_costmap_hz,panther/local_costmap_jitter_ms,panther/local_costmap_sim_hz,panther/local_costmap_sim_jitter_ms,panther/velodyne_filtered_hz,panther/velodyne_filtered_jitter_ms,panther/velodyne_filtered_sim_hz,panther/velodyne_filtered_sim_jitter_ms,panther/path_length_m,panther2/cmd_vel_nav_hz,panther2/cmd_vel_nav_jitter_ms,panther2/cmd_vel_nav_sim_hz,panther2/cmd_vel_nav_sim_jitter_ms,panther2/amcl_pose_hz,panther2/amcl_pose_jitter_ms,panther2/amcl_pose_sim_hz,panther2/amcl_pose_sim_jitter_ms,panther2/plan_hz,panther2/plan_jitter_ms,panther2/plan_sim_hz,panther2/plan_sim_jitter_ms,panther2/local_costmap_hz,panther2/local_costmap_jitter_ms,panther2/local_costmap_sim_hz,panther2/local_costmap_sim_jitter_ms,panther2/velodyne_filtered_hz,panther2/velodyne_filtered_jitter_ms,panther2/velodyne_filtered_sim_hz,panther2/velodyne_filtered_sim_jitter_ms,panther2/path_length_m,panther3/cmd_vel_nav_hz,panther3/cmd_vel_nav_jitter_ms,panther3/cmd_vel_nav_sim_hz,panther3/cmd_vel_nav_sim_jitter_ms,panther3/amcl_pose_hz,panther3/amcl_pose_jitter_ms,panther3/amcl_pose_sim_hz,panther3/amcl_pose_sim_jitter_ms,panther3/plan_hz,panther3/plan_jitter_ms,panther3/plan_sim_hz,panther3/plan_sim_jitter_ms,panther3/local_costmap_hz,panther3/local_costmap_jitter_ms,panther3/local_costmap_sim_hz,panther3/local_costmap_sim_jitter_ms,panther3/velodyne_filtered_hz,panther3/velodyne_filtered_jitter_ms,panther3/velodyne_filtered_sim_hz,panther3/velodyne_filtered_sim_jitter_ms,panther3/path_length_m
1788356886.960,54.728,0.1,0.50,0.00,0.50,0.00,0.00,0.00,0.00,0.00,0.00,0.00,0.00,0.00,0.50,0.00,0.50,0.00,0.00,0.00,0.00,0.00,0.000,0.00,0.00,0.00,0.00,0.00,0.00,0.00,0.00,0.00,0.00,0.00,0.00,0.00,0.00,0.00,0.00,0.00,0.00,0.00,0.00,0.000,0.00,0.00,0.00,0.00,0.00,0.00,0.00,0.00,0.00,0.00,0.00,0.00,0.00,0.00,0.00,0.00,0.00,0.00,0.00,0.00,0.000
1788356887.255,55.000,0.4,11.57,19.20,11.03,3.77,0.00,0.00,0.00,0.00,0.00,0.00,0.00,0.00,0.50,0.00,0.50,0.00,0.50,0.00,0.50,0.00,0.000,10.03,0.33,11.11,2.00,0.00,0.00,0.00,0.00,0.00,0.00,0.00,0.00,0.00,0.00,0.00,0.00,0.50,0.00,0.50,0.00,0.000,9.99,0.17,10.87,0.00,0.00,0.00,0.00,0.00,0.00,0.00,0.00,0.00,0.50,0.00,0.50,0.00,0.50,0.00,0.50,0.00,0.000
1788356888.389,56.000,1.5,10.25,11.03,11.18,3.89,2.20,0.00,2.50,0.00,0.00,0.00,0.00,0.00,1.70,14.88,1.87,6.00,4.42,7.29,5.00,0.00,0.000,9.98,1.20,11.28,2.65,0.50,0.00,0.50,0.00,0.00,0.00,0.00,0.00,1.66,0.00,1.91,0.00,4.42,7.26,5.00,0.00,0.000,10.00,0.55,11.28,3.45,2.18,0.00,2.50,0.00,0.00,0.00,0.00,0.00,1.67,0.03,1.88,8.00,4.42,7.44,5.00,0.00,0.000
1788356889.524,57.000,2.7,9.98,2.95,11.32,4.33,1.66,105.04,1.88,94.28,0.00,0.00,0.00,0.00,1.66,0.62,1.88,1.89,4.40,6.13,5.00,0.00,0.000,10.00,2.04,11.34,3.90,2.20,0.77,2.50,0.00,0.00,0.00,0.00,0.00,1.66,0.92,1.89,3.77,4.40,5.92,5.00,0.00,0.000,9.99,1.23,11.32,3.98,2.20,7.61,2.50,0.00,0.00,0.00,0.00,0.00,1.67,1.69,1.89,3.27,4.40,5.97,5.00,0.00,0.000
1788356890.659,58.000,3.8,10.02,7.23,11.41,7.62,1.89,108.73,2.14,94.28,0.00,0.00,0.00,0.00,1.67,0.82,1.88,4.99,5.51,89.91,6.11,77.14,0.000,10.01,7.31,11.41,7.81,2.21,9.59,2.50,0.00,0.00,0.00,0.00,0.00,1.67,0.76,1.89,6.80,5.52,90.30,6.11,77.14,0.000,10.00,1.55,11.36,3.81,2.21,6.45,2.50,0.00,0.00,0.00,0.00,0.00,1.67,1.72,1.89,4.99,5.51,90.38,6.11,77.14,0.000
1788356891.823,59.000,5.0,10.00,3.51,11.59,5.99,3.13,121.51,3.33,100.00,0.00,0.00,0.00,0.00,1.66,5.42,1.90,8.22,8.17,112.96,8.89,99.22,0.000,10.01,4.44,11.59,6.22,2.20,10.16,2.50,0.00,0.00,0.00,0.00,0.00,1.65,4.72,1.89,8.64,8.18,113.95,8.89,99.22,0.000,10.00,1.47,11.48,3.80,2.18,31.14,2.50,0.00,0.00,0.00,0.00,0.00,1.67,1.53,1.91,1.89,8.18,114.44,8.89,99.22,0.000
1788356892.950,60.000,6.1,10.02,4.63,11.46,4.11,2.73,116.48,3.33,100.00,0.00,0.00,0.00,0.00,1.67,9.52,1.90,12.36,9.28,113.23,10.56,99.86,0.000,10.00,5.84,11.43,5.16,2.17,34.15,2.50,0.00,0.00,0.00,0.00,0.00,1.43,85.97,1.72,70.07,9.29,113.84,10.56,99.86,0.000,10.01,1.56,11.46,4.61,2.23,20.53,2.50,0.00,0.00,0.00,0.00,0.00,1.67,0.42,1.92,3.27,9.28,113.69,10.56,99.86,0.000
1788356894.109,61.000,7.3,9.99,5.17,11.46,3.93,2.50,95.00,2.78,80.00,0.00,0.00,0.00,0.00,1.68,4.96,1.94,11.31,9.29,112.65,10.56,99.86,0.000,9.99,4.46,11.43,5.02,2.81,104.71,3.12,97.98,0.00,0.00,0.00,0.00,1.52,87.40,1.74,74.64,9.29,112.89,10.56,99.86,0.000,10.00,1.44,11.46,3.74,2.19,16.75,2.50,0.00,0.00,0.00,0.00,0.00,1.67,0.93,1.92,7.54,9.29,112.59,10.56,99.86,0.000
1788356895.261,62.000,8.4,9.98,5.38,11.57,4.53,3.08,113.47,3.33,100.00,0.50,0.00,0.50,0.00,1.67,0.75,1.94,5.66,9.18,113.94,10.56,99.86,5.896,9.99,4.53,11.55,5.48,3.08,116.10,3.33,100.00,0.00,0.00,0.00,0.00,1.67,0.92,1.94,1.89,9.19,114.23,10.56,99.86,0.000,9.99,1.70,11.55,2.79,2.16,14.78,2.50,0.00,0.50,0.00,0.50,0.00,1.66,0.47,1.93,3.77,9.17,114.29,10.56,99.86,14.301
1788356896.418,63.000,9.6,10.02,1.85,11.57,5.24,2.15,11.78,2.78,80.00,0.97,0.00,1.10,0.00,1.66,4.01,1.91,3.27,9.16,113.64,10.56,99.86,5.330,10.01,1.42,11.59,6.44,2.15,10.92,2.78,80.00,0.50,0.00,0.50,0.00,1.67,0.05,1.92,10.50,9.17,113.78,10.56,99.86,13.592,10.01,1.36,11.57,3.68,2.15,8.76,2.50,0.00,0.97,0.00,1.10,0.00,1.67,2.72,1.92,4.99,9.18,113.20,10.56,99.86,13.751
1788356897.598,64.000,10.8,10.01,1.96,11.69,6.65,2.17,13.54,2.50,0.00,0.97,0.00,1.12,14.00,1.67,7.09,1.92,6.80,8.99,116.09,10.56,99.86,4.739,10.00,2.56,11.71,8.14,2.42,110.96,2.78,80.00,0.97,0.00,1.14,0.00,1.50,94.35,1.76,69.00,8.99,116.42,10.56,99.86,12.942,10.01,2.60,11.71,7.14,2.17,10.97,2.50,0.00,0.98,0.00,1.12,18.00,1.66,4.24,1.93,1.89,8.99,116.42,10.56,99.86,13.155
1788356898.742,65.000,11.9,10.01,2.12,11.62,6.11,2.15,22.70,2.50,0.00,0.97,0.00,1.14,26.00,1.43,99.93,1.75,67.96,9.11,114.89,10.56,99.86,3.537,10.01,2.70,11.57,8.88,2.44,107.50,2.78,80.00,0.97,0.00,1.12,28.00,1.67,0.64,1.75,65.24,9.14,114.86,10.56,99.86,11.736,10.00,2.43,11.59,7.35,2.15,22.39,2.50,0.00,0.97,0.00,1.12,20.00,1.50,88.29,1.74,72.61,9.12,115.05,10.56,99.86,11.850
1788356899.895,66.000,13.1,10.00,6.91,11.48,4.34,2.18,18.26,2.50,0.00,0.98,0.00,1.12,10.00,1.66,2.62,1.91,6.80,9.21,114.12,10.56,99.86,2.924,10.01,5.42,11.48,7.33,3.11,116.18,3.33,100.00,0.97,0.00,1.10,14.00,1.67,0.60,1.92,8.22,9.21,114.45,10.56,99.86,11.036,9.99,0.93,11.48,5.11,2.73,113.13,3.00,94.28,0.98,0.00,1.11,10.00,1.67,4.67,1.92,3.27,9.20,113.72,10.56,99.86,11.136
1788356901.047,67.000,14.2,10.08,8.44,11.53,5.58,2.19,12.46,2.50,0.00,0.97,0.00,1.13,4.00,1.66,2.26,1.91,6.53,9.32,112.76,10.56,99.86,2.194,10.08,7.14,11.57,6.95,2.48,101.91,2.78,80.00,0.97,0.00,1.12,0.00,1.67,8.97,1.92,5.66,9.35,112.38,10.56,99.86,10.382,10.00,1.43,11.55,5.35,2.48,100.94,2.78,80.00,0.97,0.00,1.12,2.00,1.67,2.72,1.92,3.27,9.35,112.19,10.56,99.86,10.454
1788356902.225,68.000,15.4,10.00,9.29,11.69,7.15,2.14,15.28,2.50,0.00,0.99,0.00,1.14,12.00,1.67,3.89,1.94,8.64,9.13,107.40,10.56,99.86,1.471,10.00,6.61,11.73,5.71,2.15,15.54,2.50,0.00,0.95,0.00,1.13,8.00,1.68,5.07,1.94,8.64,9.14,114.58,10.56,99.86,9.733,10.00,1.66,11.59,4.69,2.15,16.96,2.50,0.00,0.97,0.00,1.14,8.00,1.67,0.55,1.94,8.64,9.14,114.14,10.56,99.86,9.917
1788356903.433,69.000,16.6,10.03,10.50,11.95,9.43,2.09,24.25,2.50,0.00,0.97,0.00,1.17,16.00,1.43,102.55,1.80,62.57,8.86,111.32,10.56,99.86,0.788,9.99,8.31,11.93,7.95,2.09,25.11,2.50,0.00,0.97,0.00,1.15,8.00,1.43,99.95,1.80,67.96,8.85,118.58,10.56,99.86,9.083,9.99,1.69,11.95,7.73,2.08,22.46,2.50,0.00,0.97,0.00,1.16,10.00,1.43,100.26,1.80,62.57,8.86,117.97,10.56,99.86,9.237
1788356904.609,70.000,17.8,10.04,4.95,11.88,8.38,1.79,104.85,2.22,86.60,0.98,0.00,1.16,26.00,1.50,95.02,1.79,59.42,8.97,116.90,10.56,99.86,0.383,10.06,2.95,11.90,8.09,2.10,22.06,2.50,0.00,0.96,0.00,1.14,16.00,1.67,0.06,1.78,63.19,8.97,116.60,10.56,99.86,8.533,10.00,1.02,11.93,8.04,2.10,20.93,2.50,0.00,0.97,0.00,1.15,14.00,1.50,94.76,1.78,58.55,8.96,116.82,10.56,99.86,8.673
1788356905.790,71.000,18.9,10.03,6.39,11.88,6.51,1.42,2.36,1.88,94.28,0.98,0.00,1.14,14.00,1.50,84.40,1.78,71.73,8.96,116.65,10.56,99.86,0.241,10.00,5.63,11.78,6.24,2.12,6.59,2.50,0.00,0.97,0.00,1.13,6.00,1.43,99.83,1.77,70.88,8.96,116.45,10.56,99.86,7.983,10.00,1.58,11.78,4.71,2.12,6.19,2.50,0.00,0.98,0.00,1.14,4.00,1.50,94.36,1.77,68.20,8.97,116.39,10.56,99.86,8.117
1788356906.962,72.000,20.1,10.05,4.23,11.76,6.04,4.37,4.42,2.22,433.01,0.98,0.00,1.15,8.00,1.51,85.65,1.76,66.96,9.12,112.55,10.56,99.86,0.000,10.03,3.08,11.69,5.98,2.14,8.93,2.50,0.00,0.96,0.00,1.13,4.00,1.67,0.58,1.95,3.27,9.15,114.53,10.56,99.86,7.395,10.02,1.70,11.71,4.35,2.14,7.97,2.50,0.00,0.98,0.00,1.15,0.00,1.67,0.33,1.94,6.53,9.14,114.55,10.56,99.86,6.917
1788356908.199,73.000,21.4,10.01,1.57,12.00,8.64,4.12,24.09,5.00,0.00,0.97,0.00,1.17,24.00,1.50,88.92,1.79,50.00,8.71,117.76,10.56,99.86,0.071,10.00,2.17,12.05,8.81,2.05,79.72,2.50,0.00,0.96,0.00,1.17,0.00,1.42,101.77,1.80,59.42,8.70,122.86,10.56,99.86,6.235,10.01,1.25,12.05,8.02,2.05,87.87,2.50,0.00,0.97,0.00,1.18,22.00,1.50,94.42,1.79,52.90,8.67,122.99,10.56,99.86,6.326
1788356909.378,74.000,22.5,10.01,7.94,12.12,8.23,4.26,13.63,5.00,0.00,0.98,0.00,1.19,8.00,1.43,109.68,1.66,71.13,8.94,116.04,10.56,99.86,0.000,10.00,2.92,12.12,9.00,2.20,40.36,2.50,0.00,0.96,0.00,1.15,10.00,1.43,97.89,1.66,67.44,8.94,117.21,10.56,99.86,5.555,10.01,1.62,12.10,8.30,2.22,45.35,2.50,0.00,0.96,0.00,1.18,20.00,1.43,99.99,1.66,65.43,8.94,116.78,10.56,99.86,5.676
1788356910.587,75.000,23.7,10.33,23.73,12.22,17.43,3.68,91.31,4.44,66.14,1.01,31.66,1.22,26.00,1.50,99.83,1.79,71.73,8.88,118.28,10.56,99.86,24.469,9.96,2.71,11.86,5.52,2.10,12.91,2.50,0.00,0.98,0.00,1.15,10.00,1.41,103.92,1.78,69.00,8.88,118.22,10.56,99.86,4.935,9.98,1.58,11.86,5.77,2.10,12.16,2.50,0.00,0.97,0.00,1.15,2.00,1.42,102.87,1.79,68.84,8.87,117.61,10.56,99.86,5.076
1788356911.762,76.000,24.9,10.01,2.93,12.24,17.47,2.61,196.27,3.33,152.75,0.96,0.00,1.20,34.00,1.67,2.33,1.79,72.61,8.86,111.29,10.56,99.86,24.221,9.97,4.51,11.93,5.21,2.10,11.03,2.50,0.00,0.97,0.00,1.16,6.00,1.25,11.20,1.62,69.00,8.89,118.21,10.56,99.86,4.385,9.97,3.78,11.88,5.72,2.10,10.03,2.50,0.00,0.98,0.00,1.16,2.00,1.66,8.89,1.78,66.72,8.89,117.84,10.56,99.86,4.476
1788356912.993,77.000,26.2,9.89,8.49,12.05,7.77,2.57,125.71,3.33,100.00,0.95,0.00,1.17,24.00,1.50,95.96,1.82,61.30,8.75,119.52,10.56,99.86,23.231,10.03,4.63,12.07,5.71,2.06,22.95,2.50,0.00,0.97,0.00,1.15,2.00,1.42,106.40,1.64,66.69,8.76,120.19,10.56,99.86,3.785,10.04,4.24,12.07,5.83,2.06,22.25,2.50,0.00,0.97,0.00,1.15,10.00,1.50,87.35,1.78,66.72,8.75,118.97,10.56,99.86,3.993
1788356914.203,78.000,27.4,10.01,9.73,12.22,7.66,2.03,20.29,2.50,0.00,0.96,0.00,1.19,8.00,1.25,1.79,1.67,68.59,8.60,121.99,10.56,99.86,22.636,10.01,7.92,12.22,7.21,2.03,21.63,2.50,0.00,0.97,0.00,1.17,20.00,1.43,91.80,1.67,67.44,8.60,122.04,10.56,99.86,3.288,10.00,2.97,12.27,4.87,2.31,110.92,2.78,80.00,0.97,0.00,1.20,8.00,1.25,0.67,1.54,4.99,8.59,121.17,10.56,99.86,2.893
1788356915.412,79.000,28.6,10.01,3.56,12.02,4.47,2.08,12.26,2.50,0.00,0.95,0.00,1.15,24.00,1.66,4.22,1.79,72.61,8.82,118.58,10.56,99.86,22.100,10.03,8.52,12.02,7.21,2.07,17.56,2.50,0.00,0.97,0.00,1.17,12.00,1.42,98.57,1.64,74.64,8.82,118.78,10.56,99.86,1.956,9.99,3.06,11.98,4.14,2.60,121.03,3.13,97.98,0.97,0.00,1.17,14.00,1.41,92.15,1.64,74.93,8.82,118.25,10.56,99.86,2.132
1788356916.621,80.000,29.8,10.00,3.69,12.05,4.51,2.06,12.58,2.50,0.00,0.97,0.00,1.15,26.00,1.25,2.05,1.64,70.88,8.80,118.93,10.56,99.86,21.535,9.99,2.83,12.07,6.58,2.06,21.63,2.50,0.00,0.97,0.00,1.18,14.00,1.25,8.48,1.51,3.77,8.81,118.77,10.56,99.86,1.259,10.00,1.43,12.10,5.85,2.06,11.53,2.78,80.00,0.97,0.00,1.17,14.00,1.43,83.90,1.65,72.83,8.81,118.71,10.56,99.86,1.452
1788356917.808,81.000,31.0,10.00,2.15,12.05,4.51,2.09,9.04,2.50,0.00,0.96,0.00,1.17,14.00,1.42,92.79,1.64,69.00,8.87,118.39,10.56,99.86,20.960,9.99,4.40,12.05,6.24,2.10,2.52,2.50,0.00,0.97,0.00,1.17,16.00,1.43,91.73,1.64,69.77,8.87,118.26,10.56,99.86,0.595,10.01,2.32,12.10,6.50,2.08,8.24,2.50,0.00,0.97,0.00,1.17,14.00,1.51,87.38,1.81,62.23,8.86,117.80,10.56,99.86,0.778
1788356919.064,82.000,32.2,10.02,5.92,12.22,6.53,2.06,31.32,2.50,0.00,0.96,0.00,1.16,8.00,1.27,9.06,1.67,62.57,8.71,115.40,10.56,99.86,20.449,9.99,4.15,12.17,5.41,2.04,22.67,2.50,0.00,0.97,0.00,1.18,20.00,1.26,7.28,1.66,65.24,8.71,120.41,10.56,99.86,0.191,9.99,2.17,12.15,5.76,1.75,100.92,2.22,86.60,0.97,0.00,1.17,16.00,1.25,10.04,1.66,67.12,8.72,118.69,10.56,99.86,0.433
1788356920.288,83.000,33.4,10.09,4.02,12.40,5.96,2.06,18.82,2.50,0.00,0.95,0.00,1.17,20.00,1.27,10.72,1.56,7.54,8.59,116.91,10.56,99.86,19.523,10.01,4.65,12.37,5.03,1.54,416.55,1.88,339.93,0.98,0.00,1.21,0.00,1.26,6.70,1.56,11.47,8.59,121.35,10.56,99.86,0.000,10.02,1.52,12.37,5.41,1.50,104.58,1.87,94.28,0.97,0.00,1.20,6.00,1.26,5.53,1.55,9.80,8.60,120.13,10.56,99.86,0.221
1788356921.512,84.000,34.7,10.00,2.91,12.24,3.45,2.05,10.10,2.50,0.00,0.96,0.00,1.16,10.00,1.25,0.98,1.54,11.47,8.69,120.29,10.56,99.86,18.977,10.02,3.27,12.37,4.62,3.58,97.16,4.38,69.99,0.97,0.00,1.19,10.00,1.23,13.76,1.53,17.99,8.69,119.69,10.56,99.86,0.050,10.02,3.14,12.35,4.80,0.69,0.00,1.11,300.00,0.97,0.00,1.19,6.00,1.43,102.20,1.69,62.31,8.70,119.21,10.56,99.86,0.212
1788356922.714,85.000,35.9,10.00,3.57,12.15,3.82,2.05,9.27,2.50,0.00,0.97,0.00,1.17,4.00,1.25,1.81,1.52,7.54,8.73,120.36,10.56,99.86,18.434,10.01,4.08,12.17,6.32,3.60,81.14,4.44,66.14,0.97,0.00,1.18,14.00,1.23,18.22,1.51,4.99,8.72,120.32,10.56,99.86,0.050,10.00,3.05,12.17,4.90,1.38,246.07,1.67,200.00,0.97,0.00,1.18,4.00,1.42,90.84,1.65,69.77,8.72,120.18,10.56,99.86,0.212
1788356923.974,86.000,37.1,10.01,7.00,12.35,6.14,2.05,7.49,2.50,0.00,0.97,0.00,1.18,10.00,1.25,0.23,1.53,10.50,8.58,122.59,10.56,99.86,17.984,10.22,27.17,12.50,22.33,2.53,191.41,3.33,152.75,1.38,317.98,1.50,253.01,1.26,5.83,1.54,10.50,8.58,122.39,10.56,99.86,23.682,10.01,2.19,12.32,6.78,2.04,8.95,2.50,0.00,0.98,0.00,1.18,8.00,1.43,84.83,1.66,68.53,8.58,122.68,10.56,99.86,0.191
1788356925.237,87.000,38.4,10.01,7.16,12.63,7.24,1.95,13.99,2.50,0.00,0.97,0.00,1.20,6.00,1.25,2.29,1.58,9.43,8.42,126.16,10.56,99.86,17.440,10.01,3.75,12.83,21.38,3.91,12.49,3.89,139.97,0.95,0.00,1.53,243.27,1.25,3.18,1.58,6.80,8.41,125.82,10.56,99.86,23.318,10.00,0.98,12.63,6.50,1.96,12.04,2.50,0.00,0.97,0.00,1.21,8.00,1.24,6.26,1.59,8.22,8.42,125.75,10.56,99.86,0.141
1788356926.483,88.000,39.6,10.04,1.43,12.55,6.49,2.00,19.30,2.50,0.00,0.94,0.00,1.21,4.00,1.25,5.40,1.56,17.99,8.43,125.77,10.56,99.86,16.890,9.99,4.88,12.53,5.82,2.24,100.21,3.33,100.00,0.94,0.00,1.18,28.00,1.25,7.60,1.57,11.47,8.38,126.72,10.56,99.86,22.742,10.00,1.09,12.55,5.28,3.01,126.07,3.75,94.28,0.97,0.00,1.23,6.00,1.25,11.71,1.56,17.99,8.35,126.92,10.56,99.86,0.050
1788356927.715,89.000,40.9,9.99,1.97,12.35,4.93,2.01,12.85,2.50,0.00,0.97,0.00,1.18,0.00,1.25,0.08,1.55,16.76,8.56,122.48,10.56,99.86,15.790,10.00,8.03,12.40,5.50,2.02,21.87,2.50,0.00,0.96,0.00,1.16,16.00,1.25,0.33,1.55,11.31,8.55,123.50,10.56,99.86,22.169,10.52,21.15,12.91,16.39,2.52,201.90,3.33,152.75,1.46,344.88,1.60,268.75,1.25,0.69,1.55,14.73,8.55,123.46,10.56,99.86,23.994
1788356928.958,90.000,42.1,10.00,2.05,12.35,5.07,2.03,11.18,2.50,0.00,0.97,0.00,1.19,10.00,1.25,0.01,1.56,13.20,8.59,121.66,10.56,99.86,15.264,9.99,7.45,12.37,4.90,2.02,11.19,2.50,0.00,0.96,0.00,1.18,2.00,1.25,2.78,1.55,12.36,8.59,122.15,10.56,99.86,21.694,9.99,3.71,12.89,16.24,4.03,7.39,3.89,139.97,0.96,0.00,1.55,283.01,1.25,0.21,1.55,14.73,8.59,121.52,10.56,99.86,23.644
1788356930.227,91.000,43.4,9.99,3.57,12.53,7.02,1.99,25.73,2.50,0.00,0.97,0.00,1.21,2.00,1.25,1.98,1.56,12.36,8.49,124.49,10.56,99.86,14.761,10.01,6.83,12.58,5.10,2.01,13.43,2.50,0.00,0.96,0.00,1.22,2.00,1.25,2.81,1.56,13.60,8.50,124.96,10.56,99.86,20.780,10.00,1.73,12.58,6.53,3.01,117.33,3.89,90.35,0.95,0.00,1.20,2.00,1.25,0.68,1.55,14.73,8.47,123.85,10.56,99.86,23.114
1788356931.463,92.000,44.6,10.00,1.97,12.53,7.46,2.01,27.08,2.50,0.00,0.97,0.00,1.22,6.00,1.25,4.01,1.58,10.50,8.52,120.71,10.56,99.86,14.220,10.01,2.98,12.53,4.59,2.00,17.46,2.50,0.00,0.96,0.00,1.20,14.00,1.26,2.35,1.59,12.36,8.52,115.41,10.56,99.86,20.280,10.01,2.06,12.53,6.74,1.97,11.67,2.50,0.00,0.92,0.00,1.20,0.00,1.25,2.52,1.57,10.50,8.52,115.49,10.56,99.86,22.690
1788356932.723,93.000,45.9,10.01,5.14,12.42,5.45,2.02,11.17,2.50,0.00,0.97,0.00,1.21,12.00,1.25,0.01,1.58,12.36,8.51,120.55,10.56,99.86,13.174,10.00,1.06,12.47,3.36,2.01,15.86,2.50,0.00,0.95,0.00,1.19,8.00,1.25,0.67,1.58,13.60,8.51,115.17,10.56,99.86,19.696,9.99,1.69,12.50,4.76,2.01,8.03,2.50,0.00,0.96,0.00,1.18,12.00,1.25,2.01,1.58,8.22,8.52,115.96,10.56,99.86,22.163
1788356933.966,94.000,47.1,10.01,1.55,12.53,4.31,2.01,9.72,2.50,0.00,0.97,0.00,1.21,12.00,1.25,5.32,1.56,17.28,8.60,121.53,10.56,99.86,12.586,9.86,5.93,12.37,5.29,2.03,3.09,2.50,0.00,0.97,0.00,1.20,4.00,1.25,18.31,1.56,19.87,8.60,121.82,10.56,99.86,19.189,10.00,1.39,12.53,4.69,2.03,3.10,2.50,0.00,0.96,0.00,1.18,14.00,1.25,0.46,1.55,8.64,8.60,121.59,10.56,99.86,21.774
1788356935.243,95.000,48.4,9.99,7.45,12.65,5.69,1.96,15.08,2.50,0.00,0.97,0.00,1.23,22.00,1.25,2.70,1.58,22.94,8.41,125.83,10.56,99.86,11.986,10.00,8.37,12.63,7.16,1.96,11.83,2.50,0.00,0.97,0.00,1.20,10.00,1.26,8.29,1.57,22.86,8.41,126.12,10.56,99.86,18.774,10.00,1.02,12.60,5.39,1.96,11.83,2.50,0.00,0.96,0.00,1.22,2.00,1.24,4.89,1.57,17.99,8.41,125.85,10.56,99.86,20.798
1788356936.533,96.000,49.7,10.05,5.32,12.83,5.89,1.93,16.22,2.50,0.00,0.96,0.00,1.26,4.00,1.25,0.01,1.61,9.80,8.38,126.04,10.56,99.86,11.436,9.99,2.16,12.83,4.25,1.94,13.96,2.50,0.00,0.96,0.00,1.23,2.00,1.25,0.25,1.60,11.31,8.41,126.04,10.56,99.86,17.893,10.00,1.60,12.89,5.43,1.93,16.64,2.50,0.00,0.96,0.00,1.23,8.00,1.26,0.14,1.62,8.64,8.42,124.83,10.56,99.86,20.248
1788356937.831,97.000,51.0,10.02,5.72,12.94,5.96,1.97,27.22,2.50,0.00,0.97,0.00,1.23,16.00,1.25,0.22,1.59,8.22,8.35,126.94,10.56,99.86,10.836,10.02,3.52,12.89,5.43,1.93,22.07,2.50,0.00,0.96,0.00,1.24,4.00,1.25,2.89,1.59,9.80,8.35,127.00,10.56,99.86,17.339,10.02,1.23,12.94,5.51,1.94,21.88,2.50,0.00,0.97,0.00,1.23,6.00,1.25,1.29,1.61,16.97,8.35,126.24,10.56,99.86,19.655
1788356939.084,98.000,52.2,10.00,5.40,12.73,5.29,1.93,20.32,2.50,0.00,0.97,0.00,1.23,22.00,1.25,0.07,1.60,18.86,8.33,127.58,10.56,99.86,9.683,10.00,4.53,12.78,6.00,2.00,1.77,2.50,0.00,0.96,0.00,1.22,14.00,1.25,2.91,1.60,14.97,8.34,127.10,10.56,99.86,16.742,10.01,0.85,12.70,5.02,2.00,13.64,2.50,0.00,0.95,0.00,1.23,6.00,1.25,1.37,1.59,14.97,8.34,127.50,10.56,99.86,18.998
1788356940.363,99.000,53.5,10.01,1.44,12.63,3.92,1.97,9.30,2.50,0.00,0.97,0.00,1.21,12.00,1.25,11.41,1.58,12.36,8.43,125.28,10.56,99.86,9.133,10.00,3.43,12.70,5.02,1.99,3.27,2.50,0.00,0.96,0.00,1.20,2.00,1.25,24.49,1.58,23.55,8.42,125.43,10.56,99.86,16.227,9.99,1.82,12.63,4.80,2.01,8.70,2.50,0.00,0.97,0.00,1.22,18.00,1.25,3.81,1.59,11.47,8.43,125.22,10.56,99.86,18.498
1788356941.670,100.000,54.8,9.98,1.81,12.89,4.80,2.19,118.39,2.78,80.00,0.98,0.00,1.25,14.00,1.26,5.61,1.61,18.18,8.20,129.12,10.56,99.86,8.586,10.01,7.04,12.94,3.87,2.18,116.31,2.78,80.00,0.96,0.00,1.27,8.00,1.27,12.57,1.61,24.73,8.20,129.28,10.56,99.86,15.065,10.01,1.61,12.97,5.72,1.90,6.42,2.50,0.00,0.96,0.00,1.27,18.00,1.25,1.22,1.60,13.20,8.19,128.99,10.56,99.86,17.437
1788356942.960,101.000,56.1,10.00,5.18,12.89,5.43,1.90,8.64,2.78,80.00,0.97,0.00,1.26,8.00,1.25,0.12,1.61,14.24,8.34,125.51,10.56,99.86,7.936,10.01,3.44,12.89,4.08,2.19,117.14,3.13,97.98,0.97,0.00,1.25,22.00,1.25,0.00,1.61,10.50,8.34,125.18,10.56,99.86,14.501,9.99,1.65,12.94,5.27,1.93,13.46,2.50,0.00,0.95,0.00,1.24,36.00,1.25,0.11,1.61,5.66,8.34,118.77,10.56,99.86,16.837
1788356944.231,102.000,57.4,9.99,8.93,12.83,7.43,1.97,23.64,2.50,0.00,0.97,0.00,1.25,16.00,1.25,0.17,1.61,10.50,8.32,126.03,10.56,99.86,6.736,10.00,4.30,12.76,6.30,1.95,16.78,2.78,80.00,0.97,0.00,1.23,14.00,1.25,1.41,1.61,10.50,8.32,126.00,10.56,99.86,13.951,10.00,1.63,12.83,5.89,2.23,124.95,2.78,80.00,0.95,0.00,1.23,28.00,1.25,0.47,1.60,19.69,8.32,119.18,10.56,99.86,16.287
1788356945.550,103.000,58.7,10.01,1.44,13.05,7.33,1.98,17.94,2.50,0.00,0.97,0.00,1.24,8.00,1.25,0.13,1.62,9.98,8.38,126.28,10.56,99.86,6.227,10.00,3.59,12.91,6.18,1.97,14.58,2.50,0.00,0.97,0.00,1.24,10.00,1.25,0.80,1.62,9.98,8.38,126.26,10.56,99.86,13.397,9.98,0.87,12.99,6.12,2.26,121.72,2.78,80.00,0.96,0.00,1.22,34.00,1.24,9.25,1.60,19.60,8.37,125.85,10.56,99.86,15.634
1788356946.866,104.000,60.0,10.00,2.98,13.16,6.18,1.90,17.30,2.50,0.00,0.97,0.00,1.26,4.00,1.24,3.91,1.64,6.80,8.13,130.45,10.56,99.86,5.676,10.00,3.94,13.18,5.60,1.90,18.40,2.50,0.00,0.97,0.00,1.28,4.00,1.24,11.04,1.64,3.77,8.13,130.46,10.56,99.86,12.244,10.00,1.58,13.13,4.90,1.89,3.04,2.50,0.00,0.97,0.00,1.28,4.00,1.26,5.98,1.63,9.80,8.12,130.12,10.56,99.86,14.634
1788356948.155,105.000,61.3,10.02,1.77,13.05,5.73,2.15,120.94,2.78,80.00,0.97,0.00,1.28,12.00,1.25,7.40,1.65,4.99,8.07,131.09,10.56,99.86,5.126,10.00,3.34,13.03,5.44,3.23,103.50,3.89,90.35,0.97,0.00,1.28,4.00,1.25,20.51,1.65,1.89,8.08,131.13,10.56,99.86,11.700,10.01,0.97,13.05,4.39,2.16,125.68,2.78,80.00,0.94,0.00,1.27,6.00,1.25,1.58,1.66,5.66,8.07,130.66,10.56,99.86,14.026
1788356949.462,106.000,62.6,10.01,1.69,12.99,4.70,2.58,135.92,3.13,97.98,0.97,0.00,1.28,6.00,1.25,1.71,1.62,8.64,8.22,128.64,10.56,99.86,3.938,10.01,5.77,12.97,5.25,2.75,127.57,3.89,90.35,0.95,0.00,1.26,8.00,1.25,3.11,1.63,8.64,8.22,128.46,10.56,99.86,11.096,10.00,1.16,12.99,6.02,1.93,12.63,2.78,80.00,0.95,0.00,1.26,0.00,1.25,1.81,1.65,6.80,8.22,127.79,10.56,99.86,13.376
1788356950.770,107.000,63.9,10.01,1.43,13.08,4.48,1.94,11.68,2.78,80.00,0.97,0.00,1.27,0.00,1.25,2.39,1.62,8.22,8.31,127.32,10.56,99.86,3.388,10.01,4.43,13.03,5.32,2.22,112.91,2.78,80.00,0.98,0.00,1.24,4.00,1.25,4.85,1.62,8.64,8.31,126.81,10.56,99.86,10.454,10.01,1.00,13.08,6.69,1.94,16.03,2.50,0.00,0.97,0.00,1.23,18.00,1.25,0.26,1.62,14.24,8.31,126.77,10.56,99.86,12.826
1788356952.110,108.000,65.3,9.99,2.32,13.27,5.51,3.15,103.70,3.75,94.28,0.97,0.00,1.27,2.00,1.25,2.35,1.64,4.99,8.13,130.45,10.56,99.86,2.885,10.01,2.22,13.27,6.15,1.92,17.97,2.78,80.00,0.97,0.00,1.30,4.00,1.25,2.82,1.64,6.80,8.12,129.96,10.56,99.86,9.422,10.00,1.42,13.27,5.73,1.89,7.81,2.50,0.00,0.97,0.00,1.29,0.00,1.25,1.35,1.63,15.43,8.13,129.92,10.56,99.86,11.826
1788356953.441,109.000,66.6,9.99,1.76,13.32,7.04,2.66,140.38,3.75,94.28,0.97,0.00,1.30,16.00,1.24,3.88,1.67,8.64,7.95,133.10,10.56,99.86,1.702,10.00,1.23,13.37,6.05,1.83,22.50,2.50,0.00,0.98,0.00,1.30,0.00,1.24,1.33,1.67,17.28,7.95,132.93,10.56,99.86,8.903,10.01,1.71,13.40,5.54,1.84,24.90,2.50,0.00,0.96,0.00,1.30,8.00,1.25,3.26,1.67,3.77,7.95,132.36,10.56,99.86,11.372
1788356954.757,110.000,67.9,10.01,3.51,13.24,7.95,1.89,12.90,2.50,0.00,0.97,0.00,1.28,4.00,1.25,4.67,1.64,9.80,8.12,130.29,10.56,99.86,1.028,10.01,1.51,13.18,5.38,1.87,21.26,2.50,0.00,0.98,0.00,1.30,4.00,1.25,4.56,1.64,14.24,8.12,130.66,10.56,99.86,8.447,10.00,1.17,13.24,5.58,1.90,15.81,2.50,0.00,0.96,0.00,1.29,16.00,1.25,0.75,1.66,1.89,8.12,129.48,10.56,99.86,10.822
1788356956.069,111.000,69.2,10.04,5.27,13.13,7.23,1.92,10.60,2.50,0.00,0.97,0.00,1.27,10.00,1.25,2.30,1.64,9.80,8.27,127.53,10.56,99.86,0.454,10.00,3.18,13.05,4.80,1.95,7.06,2.50,0.00,0.97,0.00,1.29,14.00,1.25,1.99,1.65,13.60,8.27,127.55,10.56,99.86,8.067,10.00,0.83,13.10,4.83,1.92,12.42,2.50,0.00,0.97,0.00,1.28,4.00,1.25,0.15,1.64,5.66,8.27,126.77,10.56,99.86,9.708
1788356957.423,112.000,70.6,10.06,7.92,13.29,8.30,1.63,137.66,2.22,86.60,0.97,0.00,1.27,8.00,1.25,0.76,1.66,3.27,8.11,130.55,10.56,99.86,0.071,9.82,8.20,13.27,6.34,1.89,20.22,2.50,0.00,0.98,0.00,1.28,8.00,1.25,0.49,1.65,4.99,8.11,130.54,10.56,99.86,7.167,10.00,0.92,13.35,5.72,1.88,27.53,2.50,0.00,0.97,0.00,1.28,8.00,1.25,1.68,1.64,6.53,8.09,130.12,10.56,99.86,9.249
1788356958.768,113.000,71.9,10.01,2.74,13.54,8.24,3.67,11.22,3.13,240.00,0.98,0.00,1.33,2.00,1.25,5.11,1.69,13.20,7.88,133.84,10.56,99.86,0.000,10.00,10.66,13.55,6.09,1.82,15.28,2.50,0.00,0.97,0.00,1.33,24.00,1.25,1.87,1.69,19.14,7.86,134.44,10.56,99.86,6.667,10.00,1.00,13.53,5.70,1.86,29.51,2.50,0.00,0.97,0.00,1.34,24.00,1.25,1.31,1.69,10.50,7.87,133.82,10.56,99.86,8.803
1788356960.110,114.000,73.3,10.00,3.51,13.46,5.57,3.71,18.40,5.00,0.00,0.99,0.00,1.32,0.00,1.24,14.78,1.69,13.20,8.03,131.37,10.56,99.86,0.050,9.99,1.26,13.49,5.57,1.88,23.20,2.50,0.00,0.97,0.00,1.31,34.00,1.23,11.81,1.69,19.14,8.04,131.64,10.56,99.86,6.046,10.00,1.13,13.53,6.10,1.86,17.98,2.50,0.00,0.97,0.00,1.28,18.00,1.25,0.89,1.69,10.50,8.04,131.64,10.56,99.86,7.876
1788356961.445,115.000,74.6,10.33,23.55,13.66,16.03,2.17,116.29,3.33,100.00,0.90,0.00,1.28,28.00,1.27,12.46,1.67,0.00,8.12,130.15,10.56,99.86,23.744,10.01,1.36,13.32,4.87,1.90,4.14,2.50,0.00,0.98,0.00,1.32,4.00,1.27,11.49,1.67,1.89,8.12,129.99,10.56,99.86,5.026,10.00,1.10,13.40,5.43,1.90,5.95,2.50,0.00,0.97,0.00,1.30,6.00,1.25,6.05,1.67,3.27,8.14,129.50,10.56,99.86,7.460
1788356962.807,116.000,76.0,9.99,5.53,13.83,16.00,3.17,93.50,3.89,90.35,0.97,0.00,1.30,6.00,1.25,3.16,1.69,5.66,7.91,133.42,10.56,99.86,23.487,10.00,2.44,13.49,3.18,1.84,16.08,2.50,0.00,0.97,0.00,1.32,6.00,1.25,0.77,1.69,1.89,7.92,133.30,10.56,99.86,4.606,10.01,3.62,13.49,5.57,1.84,10.40,2.50,0.00,0.99,0.00,1.33,24.00,1.26,4.43,1.70,11.47,6.86,133.65,9.44,99.83,7.060
1788356964.214,117.000,77.4,10.00,3.63,13.89,6.25,2.57,140.94,3.89,90.35,0.97,0.00,1.34,16.00,1.25,4.26,1.73,15.08,7.74,136.47,10.56,99.86,23.025,9.99,5.95,13.86,5.28,1.79,23.58,2.50,0.00,0.97,0.00,1.32,8.00,1.25,0.88,1.73,18.86,7.75,136.53,10.56,99.86,4.076,10.00,0.78,13.83,7.05,1.81,19.44,2.50,0.00,0.97,0.00,1.34,24.00,1.25,0.26,1.74,3.27,6.73,136.72,9.44,99.83,6.060
1788356965.560,118.000,78.7,9.99,4.37,13.75,6.97,1.83,18.54,2.50,0.00,0.96,0.00,1.33,22.00,1.24,0.16,1.72,17.28,7.84,134.73,10.56,99.86,22.530,10.00,4.76,13.72,6.09,2.09,117.57,2.78,80.00,0.98,0.00,1.36,12.00,1.24,0.71,1.74,17.28,6.80,134.80,9.44,99.83,3.043,10.00,0.74,13.75,6.07,1.82,22.62,2.50,0.00,0.97,0.00,1.35,18.00,1.25,0.04,1.72,9.98,7.77,136.34,10.00,100.00,5.461
1788356966.893,119.000,80.1,10.00,4.52,13.35,5.61,1.85,18.07,2.50,0.00,0.96,0.00,1.29,12.00,1.25,0.60,1.68,6.80,7.96,132.91,10.56,99.86,21.630,9.97,5.81,13.35,5.93,3.14,102.91,3.75,94.28,0.97,0.00,1.31,18.00,1.25,2.04,1.68,9.80,6.90,133.21,9.44,99.83,2.378,9.95,1.80,13.37,4.41,1.85,24.29,2.50,0.00,0.97,0.00,1.31,4.00,1.25,0.20,1.68,3.27,5.84,239.25,8.33,160.00,4.911
1788356968.273,120.000,81.4,10.00,2.15,13.53,4.27,1.84,12.09,2.50,0.00,0.96,0.00,1.30,16.00,1.25,0.49,1.69,8.22,7.91,133.84,10.56,99.86,21.194,10.06,2.83,13.55,6.00,2.11,120.86,3.33,100.00,0.97,0.00,1.30,14.00,1.25,1.29,1.68,9.80,7.91,133.91,10.56,99.86,1.735,10.00,2.95,13.55,5.14,1.84,13.72,2.50,0.00,0.97,0.00,1.30,2.00,1.25,0.16,1.70,8.22,7.91,133.97,10.56,99.86,4.430
1788356969.678,121.000,82.8,10.00,3.67,13.98,5.14,1.78,23.81,2.50,0.00,0.97,0.00,1.35,16.00,1.25,19.87,1.75,22.86,7.68,137.96,10.56,99.86,20.780,10.02,5.27,14.03,5.11,1.78,16.98,2.50,0.00,0.98,0.00,1.37,10.00,1.25,23.27,1.74,24.07,7.69,137.80,10.56,99.86,0.616,10.00,1.34,13.92,5.71,1.77,27.95,2.50,0.00,0.98,0.00,1.37,6.00,1.25,0.49,1.74,13.60,7.68,136.80,10.56,99.86,3.513
1788356971.063,122.000,84.2,10.00,2.90,13.89,5.96,1.81,27.91,2.50,0.00,0.95,0.00,1.32,12.00,1.25,3.17,1.77,23.17,7.75,136.15,10.56,99.86,19.846,9.95,8.11,13.86,6.39,1.80,22.93,2.50,0.00,0.97,0.00,1.36,18.00,1.25,1.91,1.77,21.25,7.76,136.69,10.56,99.86,0.283,10.00,1.40,13.95,5.75,2.42,116.29,3.13,97.98,0.98,0.00,1.36,10.00,1.25,0.28,1.75,13.06,7.76,135.03,10.56,99.86,3.027
1788356972.410,123.000,85.6,10.01,2.80,13.61,5.78,1.81,29.62,2.50,0.00,0.96,0.00,1.31,20.00,1.25,1.09,1.71,18.57,7.80,135.96,10.56,99.86,19.406,10.10,6.55,13.61,6.36,1.21,293.29,1.88,188.56,0.97,0.00,1.34,10.00,1.25,2.91,1.71,15.43,7.80,136.05,10.56,99.86,0.141,9.98,2.65,13.58,5.36,3.03,91.32,3.75,94.28,0.98,0.00,1.33,18.00,1.25,2.62,1.70,15.43,7.80,134.85,10.56,99.86,1.806
1788356973.843,124.000,87.0,9.91,5.93,13.86,7.10,1.77,17.52,2.50,0.00,0.96,0.00,1.32,26.00,1.25,0.88,1.72,24.07,7.64,138.79,10.56,99.86,19.034,9.97,3.92,13.92,6.30,3.49,18.54,2.78,320.00,0.97,0.00,1.36,28.00,1.25,1.03,1.73,24.73,7.64,138.86,10.56,99.86,0.050,10.01,3.33,13.95,6.34,1.76,17.67,2.78,80.00,0.97,0.00,1.34,28.00,1.25,0.60,1.73,22.94,7.64,139.05,10.56,99.86,1.240
1788356975.266,125.000,88.4,10.00,8.27,14.26,8.38,1.74,23.13,2.50,0.00,0.96,0.00,1.36,2.00,1.25,7.85,1.81,14.97,7.54,140.03,10.56,99.86,18.149,9.99,5.01,14.26,6.19,3.52,19.74,5.00,0.00,0.97,0.00,1.41,2.00,1.25,10.05,1.81,14.24,7.54,140.40,10.56,99.86,0.071,9.97,2.39,14.23,6.80,1.74,25.82,2.50,0.00,0.97,0.00,1.41,6.00,1.25,1.89,1.80,14.97,7.54,137.77,10.56,99.86,0.717
1788356976.679,126.000,89.8,9.95,5.04,14.17,7.72,1.79,19.73,2.50,0.00,0.96,0.00,1.36,0.00,1.25,1.45,1.79,23.55,7.65,136.81,10.56,99.86,17.653,10.19,25.65,14.37,16.61,2.56,142.40,3.89,90.35,1.27,243.65,1.65,185.83,1.25,0.70,1.78,22.23,7.65,137.88,10.56,99.86,23.994,9.96,2.52,14.08,6.38,1.54,139.42,2.22,86.60,0.97,0.00,1.35,16.00,1.25,1.15,1.79,18.18,7.68,133.71,10.56,99.86,0.262
1788356978.041,127.000,91.2,10.05,6.56,13.83,7.30,1.83,4.92,2.50,0.00,0.97,0.00,1.34,8.00,1.25,0.16,1.74,18.18,7.80,134.35,10.56,99.86,17.089,10.21,25.72,14.11,16.80,3.04,114.52,3.75,94.28,1.26,250.70,1.61,196.10,1.24,2.85,1.74,17.28,7.80,135.76,10.56,99.86,23.998,10.03,2.23,13.98,5.03,0.61,0.00,1.11,300.00,0.98,0.00,1.36,12.00,1.25,0.13,1.74,18.18,7.81,134.31,10.56,99.86,0.141
1788356979.482,128.000,92.6,9.98,4.81,13.86,6.11,1.78,21.79,2.50,0.00,0.98,0.00,1.36,22.00,1.25,3.75,1.74,18.18,7.65,138.19,10.56,99.86,16.077,10.01,8.24,14.03,7.31,2.55,146.56,3.89,90.35,0.96,0.00,1.33,6.00,1.25,5.78,1.74,19.14,7.65,138.31,10.56,99.86,23.291,9.99,3.31,14.06,4.94,2.84,120.98,4.00,86.60,0.98,0.00,1.38,24.00,1.25,1.17,1.75,20.40,7.65,138.26,10.56,99.86,0.050
1788356980.899,129.000,94.1,10.01,5.27,14.34,7.13,1.74,25.99,2.50,0.00,0.96,0.00,1.40,4.00,1.25,1.45,1.79,4.99,7.01,142.13,10.56,99.86,15.518,10.05,4.21,14.31,8.18,1.74,23.16,2.78,80.00,0.96,0.00,1.38,18.00,1.25,0.74,1.79,7.54,7.00,142.11,10.56,99.86,22.798,10.00,1.74,14.26,5.80,3.53,26.79,5.00,0.00,0.97,0.00,1.37,0.00,1.25,0.36,1.79,4.99,7.00,142.41,10.56,99.86,0.050
1788356982.345,130.000,95.5,10.02,2.02,14.31,6.80,1.75,18.98,2.50,0.00,0.96,0.00,1.39,10.00,1.25,1.66,1.81,16.44,7.51,142.45,10.56,99.86,15.021,10.00,10.80,14.34,8.71,1.74,18.14,2.50,0.00,0.95,0.00,1.40,8.00,1.25,1.19,1.80,19.14,7.50,142.18,10.56,99.86,22.304,10.22,25.91,14.53,16.05,3.06,118.11,4.44,66.14,0.87,0.00,1.34,18.00,1.25,0.74,1.80,17.99,7.51,142.30,10.56,99.86,27.640
1788356983.739,131.000,96.9,10.00,10.45,14.14,8.07,1.78,12.50,2.50,0.00,0.97,0.00,1.36,20.00,1.25,0.82,1.76,25.37,7.66,138.01,10.56,99.86,13.951,10.02,5.46,14.14,7.79,1.79,13.77,2.50,0.00,0.95,0.00,1.34,18.00,1.25,1.14,1.78,24.73,7.65,137.99,10.56,99.86,21.603,10.02,1.02,14.34,16.26,2.55,232.00,3.33,152.75,0.95,0.00,1.32,6.00,1.25,1.58,1.77,22.86,7.66,138.19,10.56,99.86,27.618
1788356985.238,132.000,98.4,10.01,8.28,14.43,9.38,1.71,9.81,2.50,0.00,0.97,0.00,1.37,28.00,1.25,1.71,1.80,26.73,7.41,144.58,10.56,99.86,13.451,10.01,6.47,14.37,7.43,1.71,13.86,2.50,0.00,0.97,0.00,1.36,30.00,1.25,5.02,1.79,19.96,7.39,145.17,10.56,99.86,21.248,10.00,3.78,14.37,6.53,2.28,153.30,3.89,90.35,0.95,0.00,1.36,10.00,1.25,0.10,1.80,21.42,7.39,144.48,10.56,99.86,26.943
1788356986.670,133.000,99.8,9.87,7.03,14.56,7.94,1.71,10.57,2.50,0.00,0.97,0.00,1.40,28.00,1.25,4.37,1.84,10.50,7.44,143.90,10.56,99.86,12.494,10.01,3.95,14.65,8.06,1.72,14.30,2.50,0.00,0.96,0.00,1.40,20.00,1.25,3.14,1.83,6.80,7.44,144.09,10.56,99.86,20.498,10.00,4.18,14.56,6.31,1.71,11.77,2.78,80.00,0.95,0.00,1.39,4.00,1.25,0.05,1.81,4.99,7.44,144.37,10.56,99.86,26.481
1788356988.102,134.000,101.3,9.95,9.40,14.29,7.89,1.75,22.92,2.50,0.00,0.97,0.00,1.39,20.00,1.25,1.96,1.82,1.89,7.52,142.54,10.56,99.86,12.050,10.02,3.05,14.26,6.46,1.74,15.70,2.50,0.00,0.97,0.00,1.39,16.00,1.25,4.42,1.82,1.89,7.52,141.91,10.56,99.86,20.098,10.00,2.06,14.26,6.54,1.75,20.36,2.50,0.00,0.94,0.00,1.35,20.00,1.25,0.49,1.82,8.22,7.52,142.25,10.56,99.86,25.624
1788356989.520,135.000,102.7,9.89,6.17,14.23,6.54,1.83,2.18,2.50,0.00,0.96,0.00,1.38,24.00,1.25,3.28,1.76,12.36,7.66,138.35,10.56,99.86,11.500,10.02,4.31,14.20,6.87,1.82,3.00,2.50,0.00,0.94,0.00,1.37,28.00,1.25,0.03,1.76,14.24,7.66,138.07,10.56,99.86,19.598,10.00,1.41,14.20,7.51,1.83,3.73,2.50,0.00,0.94,0.00,1.30,10.00,1.25,2.68,1.75,23.17,7.65,138.66,10.56,99.86,25.279
1788356991.012,136.000,104.2,10.00,11.04,14.68,7.16,1.65,37.71,2.50,0.00,0.97,0.00,1.42,2.00,1.23,11.52,1.82,24.66,7.14,150.15,10.56,99.86,10.448,10.00,9.49,14.62,7.95,1.65,34.86,2.50,0.00,0.96,0.00,1.40,6.00,1.23,14.78,1.83,24.94,7.14,149.45,10.56,99.86,18.556,10.00,2.50,14.56,7.80,1.65,34.70,2.50,0.00,0.90,0.00,1.34,32.00,1.25,2.21,1.82,32.06,7.14,149.95,10.56,99.86,24.941
1788356992.459,137.000,105.6,10.00,8.82,14.68,7.68,1.69,36.45,2.50,0.00,0.96,0.00,1.41,8.00,1.27,5.65,1.85,14.97,7.36,145.66,10.56,99.86,9.901,9.99,4.14,14.71,7.50,2.79,119.45,3.33,100.00,0.95,0.00,1.40,8.00,1.27,11.72,1.85,16.44,7.36,145.55,10.56,99.86,17.995,10.00,4.58,14.68,6.43,2.09,125.28,2.78,80.00,0.94,0.00,1.37,4.00,1.25,0.11,1.85,9.43,7.36,145.74,10.56,99.86,23.984
1788356993.891,138.000,107.1,9.99,3.55,14.34,6.88,1.71,13.29,2.50,0.00,0.97,0.00,1.40,16.00,1.25,2.67,1.82,4.99,7.42,144.23,10.56,99.86,8.894,10.00,8.27,14.37,8.97,2.86,109.71,3.89,90.35,0.98,0.00,1.38,4.00,1.25,0.02,1.82,6.80,7.42,143.53,10.56,99.86,16.845,9.97,1.24,14.46,5.94,2.29,137.07,3.12,97.98,0.97,0.00,1.39,10.00,1.25,0.05,1.82,1.89,7.42,144.26,10.56,99.86,23.484
1788356995.380,139.000,108.5,10.01,4.52,14.65,7.93,1.70,38.84,2.50,0.00,0.97,0.00,1.40,16.00,1.23,13.21,1.79,8.22,7.35,146.71,10.56,99.86,8.426,10.00,9.26,14.62,10.63,1.69,43.11,3.33,100.00,0.96,0.00,1.40,16.00,1.23,10.95,1.79,7.54,7.35,146.64,10.56,99.86,16.337,9.99,3.26,14.56,7.94,1.99,156.00,2.78,80.00,0.96,0.00,1.38,18.00,1.25,0.23,1.84,26.73,7.33,146.91,10.56,99.86,22.934
1788356996.888,140.000,110.0,10.05,3.05,15.04,7.89,1.67,20.31,2.50,0.00,0.98,0.00,1.46,8.00,1.27,19.99,1.89,20.40,7.28,137.73,10.56,99.86,7.617,10.00,10.19,15.04,9.65,1.68,24.25,2.50,0.00,0.98,0.00,1.45,8.00,1.25,17.31,1.88,23.55,7.31,145.93,10.56,99.86,15.887,10.01,3.32,14.98,8.80,1.59,41.52,2.78,80.00,0.95,0.00,1.46,6.00,1.25,0.06,1.88,27.78,7.31,146.08,10.56,99.86,22.022
1788356998.367,141.000,111.5,10.00,8.24,14.92,7.33,1.69,11.66,2.50,0.00,0.97,0.00,1.44,2.00,1.25,0.51,1.88,13.60,7.31,135.99,10.56,99.86,7.223,10.02,5.71,15.01,8.99,1.68,12.43,2.50,0.00,0.97,0.00,1.44,10.00,1.25,0.94,1.88,13.20,7.32,145.26,10.56,99.86,15.034,10.00,3.27,14.98,6.40,1.70,30.65,2.50,0.00,0.95,0.00,1.43,18.00,1.25,0.36,1.87,11.47,7.30,145.37,10.56,99.86,21.602
1788356999.801,142.000,113.0,10.00,8.55,14.59,7.10,1.73,6.40,2.50,0.00,0.97,0.00,1.42,8.00,1.25,9.60,1.82,16.33,7.48,141.20,10.56,99.86,6.776,9.98,6.69,14.56,8.00,1.74,4.31,2.50,0.00,0.97,0.00,1.42,20.00,1.26,13.32,1.82,18.18,7.49,142.37,10.56,99.86,14.534,9.99,3.99,14.59,6.10,1.72,26.29,2.50,0.00,0.96,0.00,1.40,8.00,1.25,0.44,1.82,11.78,7.50,141.51,10.56,99.86,20.720
1788357001.339,143.000,114.5,9.90,5.37,14.77,6.72,1.68,12.78,2.50,0.00,0.97,0.00,1.43,14.00,1.26,2.14,1.84,17.99,7.26,146.90,10.56,99.86,5.926,10.05,7.68,14.74,8.17,1.69,9.70,2.50,0.00,0.97,0.00,1.44,18.00,1.26,3.43,1.85,18.86,7.25,146.83,10.56,99.86,13.584,10.00,2.08,14.74,7.61,1.68,23.24,2.50,0.00,0.95,0.00,1.40,12.00,1.25,2.06,1.84,11.31,7.24,147.00,10.56,99.86,20.286
1788357002.866,144.000,116.0,10.01,10.03,15.31,9.92,1.63,39.60,2.50,0.00,0.97,0.00,1.52,26.00,1.11,101.47,1.78,44.34,7.07,153.05,10.56,99.86,5.506,10.01,7.09,15.34,9.59,1.63,45.38,2.50,0.00,0.94,0.00,1.51,14.00,1.11,101.48,1.79,45.25,7.06,152.56,10.56,99.86,13.184,10.00,3.07,15.24,8.74,1.62,56.31,2.50,0.00,0.96,0.00,1.45,40.00,1.11,98.47,1.77,29.39,7.05,153.03,10.56,99.86,19.383
1788357004.355,145.000,117.5,10.01,8.43,15.18,9.67,1.68,31.44,2.50,0.00,0.97,0.00,1.45,12.00,1.25,0.42,1.77,42.62,7.18,147.59,10.56,99.86,4.606,9.98,8.56,15.06,8.86,1.68,58.77,2.50,0.00,0.97,0.00,1.42,10.00,1.25,1.93,1.77,42.62,7.21,148.08,10.56,99.86,12.226,9.99,6.54,15.18,9.95,1.66,17.96,2.50,0.00,0.96,0.00,1.40,16.00,1.25,0.05,1.79,36.12,7.22,148.58,10.56,99.86,18.927
1788357005.854,146.000,119.0,10.02,3.37,14.86,5.36,1.71,10.05,2.50,0.00,0.97,0.00,1.44,20.00,1.25,6.20,1.85,12.36,7.39,141.93,10.56,99.86,4.206,10.02,3.56,14.98,8.73,1.72,13.47,2.50,0.00,0.97,0.00,1.42,10.00,1.25,5.91,1.85,12.36,7.39,143.33,10.56,99.86,11.817,9.99,1.99,14.89,8.23,1.71,12.21,2.50,0.00,0.95,0.00,1.42,6.00,1.25,0.32,1.86,18.86,7.40,143.82,10.56,99.86,18.474
1788357007.447,147.000,120.6,9.99,7.96,15.46,6.86,1.62,25.82,2.50,0.00,0.97,0.00,1.54,8.00,0.99,0.00,1.66,38.69,6.78,157.92,10.56,99.86,3.393,9.98,7.55,15.40,8.37,1.61,29.37,2.50,0.00,0.96,0.00,1.55,14.00,1.00,0.00,1.66,38.69,6.78,157.89,10.56,99.86,10.865,9.98,2.22,15.40,7.13,1.57,19.96,2.50,0.00,0.96,0.00,1.46,8.00,1.25,0.13,1.91,19.87,6.78,158.41,10.56,99.86,17.547
1788357008.966,148.000,122.1,10.00,4.73,15.62,8.00,2.70,136.89,3.75,94.28,0.98,0.00,1.51,19.96,1.25,6.29,1.78,51.26,7.01,153.45,10.56,99.86,2.843,10.00,4.84,15.53,8.58,1.61,34.28,2.50,0.00,0.97,0.00,1.48,44.00,1.25,15.91,1.79,53.90,7.02,152.64,10.56,99.86,10.372,9.95,3.13,15.40,7.50,1.62,34.55,2.50,0.00,0.96,0.00,1.47,4.00,1.25,0.65,1.93,15.08,7.03,153.06,10.56,99.86,17.207
1788357010.434,149.000,123.6,9.99,2.25,14.92,6.70,2.76,109.43,4.44,66.14,0.97,0.00,1.46,14.00,1.26,0.62,1.89,12.36,7.13,148.66,10.56,99.86,1.626,10.00,3.63,14.92,7.48,1.64,28.01,2.50,0.00,0.97,0.00,1.45,28.00,1.27,7.48,1.89,16.97,7.14,148.76,10.56,99.86,9.872,9.97,5.63,14.89,8.43,1.65,33.35,2.50,0.00,0.96,0.00,1.46,20.00,1.25,13.14,1.88,6.80,7.15,149.95,10.56,99.86,16.449
1788357011.978,150.000,125.1,10.01,9.82,15.04,7.82,1.67,23.57,3.33,100.00,0.97,0.00,1.45,12.00,1.25,1.93,1.88,16.44,7.17,147.80,10.56,99.86,1.099,9.95,3.75,15.03,6.57,1.66,18.44,2.50,0.00,0.97,0.00,1.45,10.00,1.25,5.94,1.88,21.75,7.17,148.29,10.56,99.86,8.916,9.99,4.62,15.06,8.37,1.67,21.93,2.50,0.00,0.98,0.00,1.43,6.00,1.25,1.31,1.88,15.43,7.16,149.96,10.56,99.86,16.072
1788357013.519,151.000,126.7,10.00,3.85,15.56,10.43,1.58,10.32,2.50,0.00,0.97,0.00,1.51,8.00,1.11,99.69,1.79,63.19,7.00,152.98,10.56,99.86,0.283,10.03,4.63,15.40,7.06,1.60,3.66,2.50,0.00,0.97,0.00,1.50,12.00,1.11,102.82,1.79,63.69,6.99,152.79,10.56,99.86,8.455,9.97,6.83,15.43,7.55,1.28,162.89,2.22,86.60,0.95,0.00,1.49,14.00,1.25,0.83,1.95,3.77,7.00,152.96,10.56,99.86,15.342
1788357015.075,152.000,128.2,10.02,10.35,15.40,11.49,1.12,0.00,2.22,86.60,0.97,0.00,1.52,8.64,1.11,99.08,1.66,55.07,7.02,152.33,10.56,99.86,0.212,9.95,8.05,15.53,7.68,1.61,19.20,2.50,0.00,0.97,0.00,1.52,11.78,1.11,97.85,1.67,54.36,7.02,152.33,10.56,99.86,7.572,10.02,1.76,15.46,8.52,1.62,15.62,2.22,86.60,0.98,0.00,1.51,14.24,1.25,1.13,1.95,6.80,7.02,152.26,10.56,99.86,14.973
1788357016.598,153.000,129.8,10.00,6.55,15.40,10.77,1.67,0.00,1.11,500.00,0.97,0.00,1.46,4.00,1.24,6.31,1.77,48.15,7.23,148.11,10.56,99.86,0.050,9.98,4.65,15.31,7.61,1.67,9.71,2.50,0.00,0.98,0.00,1.49,24.00,1.24,6.85,1.77,46.30,7.23,148.10,10.56,99.86,7.122,10.01,0.96,15.53,7.54,1.66,10.00,2.50,0.00,0.96,0.00,1.46,2.00,1.25,0.76,1.90,15.43,7.23,147.38,10.56,99.86,14.368
1788357018.235,154.000,131.4,10.00,9.19,15.75,9.57,3.06,12.96,4.29,74.54,0.97,0.00,1.51,28.47,1.11,88.88,1.80,35.33,6.73,159.63,10.56,99.86,0.050,9.96,4.14,15.75,7.45,1.55,24.02,2.50,0.00,0.97,0.00,1.53,4.00,1.11,90.13,1.79,37.14,6.73,159.10,10.56,99.86,6.172,9.99,1.00,15.85,7.02,1.55,25.17,2.50,0.00,0.98,0.00,1.51,33.04,1.11,99.15,1.80,28.47,6.73,159.45,10.56,99.86,13.664
1788357019.773,155.000,132.9,10.01,3.04,15.88,8.86,3.21,24.74,5.00,0.00,0.97,0.00,1.55,15.43,1.11,99.72,1.71,46.30,6.93,153.98,10.56,99.86,0.050,10.04,6.03,15.91,8.14,1.61,12.33,2.50,0.00,0.97,0.00,1.54,17.99,1.11,100.86,1.71,48.77,6.93,154.26,10.56,99.86,5.273,9.99,1.14,15.82,7.14,1.61,12.72,2.50,0.00,0.97,0.00,1.55,28.53,1.11,99.64,1.71,38.51,6.93,154.19,10.56,99.86,12.733
1788357021.294,156.000,134.5,10.27,26.35,15.53,14.49,2.16,139.96,3.89,90.35,0.95,0.00,1.52,4.99,1.25,3.92,1.92,6.53,7.00,152.54,10.56,99.86,24.040,10.09,9.23,15.21,6.83,2.16,154.52,3.12,97.98,0.97,0.00,1.53,18.57,1.25,4.15,1.93,3.77,7.00,152.39,10.56,99.86,4.773,10.00,4.71,15.34,5.28,1.61,20.45,2.50,0.00,0.97,0.00,1.51,19.69,1.25,12.89,1.91,10.50,7.00,152.17,10.56,99.86,12.271
1788357022.883,157.000,136.0,10.01,9.78,15.78,14.97,3.14,14.84,3.89,90.35,0.96,0.00,1.51,19.60,1.11,101.76,1.80,42.46,6.86,156.50,10.56,99.86,23.906,10.00,5.58,15.53,7.96,1.93,157.94,3.13,97.98,0.97,0.00,1.52,19.69,1.11,101.53,1.80,45.25,6.88,155.72,10.56,99.86,3.923,10.00,1.31,15.59,5.33,1.61,24.34,2.50,0.00,0.97,0.00,1.52,24.66,1.11,97.16,1.80,42.46,6.89,155.75,10.56,99.86,11.302
1788357024.465,158.000,137.6,10.01,9.04,15.95,10.18,2.08,160.08,3.89,90.35,0.96,0.00,1.52,20.40,0.98,0.00,1.68,52.56,6.74,158.52,10.56,99.86,23.528,10.00,6.08,16.01,9.24,1.57,7.62,2.50,0.00,0.97,0.00,1.53,20.40,0.97,0.00,1.67,53.10,6.75,158.65,10.56,99.86,3.513,10.00,1.27,15.78,6.75,1.57,11.60,2.50,0.00,0.97,0.00,1.53,25.92,1.11,99.96,1.70,54.36,6.75,148.37,10.56,99.86,10.836
1788357026.026,159.000,139.2,10.04,5.00,15.66,10.29,1.58,17.92,2.78,80.00,0.96,0.00,1.51,15.08,1.12,108.99,1.69,64.86,6.94,154.38,10.56,99.86,22.657,9.97,8.57,15.69,8.85,2.56,128.36,3.33,100.00,0.97,0.00,1.52,11.78,1.13,110.93,1.69,64.86,6.95,154.60,10.56,99.86,2.485,10.00,1.23,15.69,6.66,1.59,19.14,2.50,0.00,0.97,0.00,1.54,8.22,1.25,2.39,1.81,59.42,6.95,143.85,10.56,99.86,10.024
1788357027.567,160.000,140.7,9.94,7.97,15.53,9.02,1.63,12.24,2.50,0.00,0.95,0.00,1.51,10.00,1.24,4.43,1.79,46.23,7.11,150.28,10.56,99.86,22.304,9.98,5.38,15.50,8.11,2.14,150.11,3.33,100.00,0.97,0.00,1.51,8.22,1.24,2.17,1.80,48.11,7.12,150.70,10.56,99.86,1.944,10.00,3.14,15.46,6.70,1.64,14.61,2.50,0.00,0.97,0.00,1.52,9.80,1.25,0.44,1.94,4.99,7.11,150.31,10.56,99.86,9.641
1788357029.191,161.000,142.4,10.08,9.07,15.75,9.19,1.87,145.31,2.78,80.00,0.96,0.00,1.51,25.37,1.12,99.66,1.82,47.59,6.77,158.46,10.56,99.86,21.603,10.05,4.35,15.75,8.11,1.56,16.13,2.50,0.00,0.97,0.00,1.53,7.54,1.11,97.93,1.82,45.37,6.77,158.03,10.56,99.86,0.929,10.00,0.85,15.85,7.65,1.59,65.31,2.50,0.00,0.97,0.00,1.52,22.86,1.11,99.43,1.82,42.46,6.77,159.30,10.56,99.86,8.844
1788357030.789,162.000,143.9,9.95,5.04,16.06,8.94,2.09,153.94,3.12,97.98,0.96,0.00,1.54,28.28,1.11,97.44,1.84,40.13,6.77,158.65,10.56,99.86,21.298,10.01,3.14,16.10,8.31,1.56,21.97,2.50,0.00,0.98,0.00,1.56,11.31,1.11,98.66,1.83,43.49,6.77,158.99,10.56,99.86,0.545,10.00,0.76,16.13,7.62,1.56,66.66,2.50,0.00,0.96,0.00,1.54,22.23,1.11,104.26,1.72,37.71,6.77,159.02,10.56,99.86,8.444
1788357032.393,163.000,145.6,9.93,9.15,15.82,8.03,1.58,31.54,2.78,80.00,0.96,0.00,1.54,14.97,1.11,95.04,1.74,36.81,6.79,157.21,10.56,99.86,20.395,9.99,5.17,15.88,7.53,1.04,18.93,1.87,94.28,0.97,0.00,1.56,21.75,1.11,97.15,1.73,40.57,6.79,158.21,10.56,99.86,0.241,9.99,1.02,16.03,7.67,1.57,30.54,2.50,0.00,0.98,0.00,1.55,10.50,1.11,99.86,1.82,46.30,6.79,157.70,10.56,99.86,7.565
1788357033.984,164.000,147.1,10.03,5.24,15.78,7.26,1.56,25.99,2.50,0.00,0.96,0.00,1.50,11.47,1.25,2.10,1.85,44.58,6.75,158.63,10.56,99.86,19.948,10.06,4.77,15.91,7.34,1.06,0.00,1.87,94.28,0.97,0.00,1.53,18.57,1.25,1.55,1.85,44.58,6.75,158.81,10.56,99.86,0.171,10.00,4.08,15.91,8.14,1.57,27.24,2.50,0.00,0.97,0.00,1.56,16.76,1.11,99.97,1.84,43.86,6.76,158.99,10.56,99.86,6.715
1788357035.617,165.000,148.8,10.01,8.71,16.19,9.22,1.51,15.32,2.50,0.00,0.97,0.00,1.55,29.45,0.99,0.00,1.73,52.49,6.66,158.63,10.56,99.86,19.045,9.98,7.42,16.13,8.66,3.03,29.07,5.00,0.00,0.97,0.00,1.58,19.96,1.00,0.00,1.74,50.00,6.66,150.14,10.56,99.86,0.100,9.99,3.69,16.06,7.93,2.02,166.14,3.13,97.98,0.96,0.00,1.57,18.86,1.00,0.00,1.74,38.69,6.66,159.66,10.56,99.86,6.236
1788357037.225,166.000,150.4,9.95,6.90,16.19,10.05,1.57,18.23,2.50,0.00,0.96,0.00,1.58,21.25,1.11,108.03,1.72,47.59,6.78,157.34,10.56,99.86,18.201,9.96,8.14,16.19,9.32,3.13,16.84,5.00,0.00,0.98,0.00,1.58,20.40,1.11,97.16,1.72,44.34,6.79,157.96,10.56,99.86,0.050,9.98,2.62,16.16,7.42,1.56,20.74,3.12,97.98,0.97,0.00,1.56,12.36,1.11,101.20,1.74,41.61,6.79,157.03,10.56,99.86,5.236
1788357038.856,167.000,152.0,10.05,7.99,16.19,10.91,1.58,19.43,2.50,0.00,0.96,0.00,1.54,9.98,1.00,11.65,1.72,47.59,6.77,157.39,10.56,99.86,17.743,10.11,29.03,16.33,16.20,2.60,131.07,4.44,66.14,1.29,250.82,1.91,157.66,1.00,1.57,1.70,47.25,6.76,157.89,10.56,99.86,27.593,10.00,1.46,16.13,8.00,1.58,43.42,2.50,0.00,0.98,0.00,1.56,12.36,1.11,97.08,1.73,53.20,6.77,157.91,10.56,99.86,4.856
1788357040.502,168.000,153.7,10.01,8.95,16.36,11.59,1.50,22.37,2.50,0.00,0.97,0.00,1.58,16.33,1.01,0.00,1.64,9.98,6.50,164.38,10.56,99.86,16.837,10.10,28.26,16.56,16.56,1.81,297.59,3.33,152.75,1.27,257.53,1.89,161.23,1.01,0.00,1.64,10.50,6.50,164.37,10.56,99.86,27.598,10.00,3.55,16.39,7.81,1.51,27.64,2.50,0.00,0.97,0.00,1.58,10.50,1.11,101.81,1.72,55.65,6.00,163.62,10.56,99.86,4.085
1788357042.108,169.000,155.3,10.03,9.55,16.26,11.17,1.85,141.46,2.78,80.00,0.96,0.00,1.58,16.33,1.00,3.89,1.64,8.22,6.58,161.40,10.56,99.86,16.434,10.08,5.17,16.19,8.66,2.53,133.13,4.29,74.54,0.94,0.00,1.57,8.22,1.01,6.73,1.64,10.50,6.58,161.75,10.56,99.86,27.174,10.00,3.81,16.23,7.27,1.53,35.85,2.50,0.00,0.97,0.00,1.58,10.50,1.11,99.85,1.75,47.10,6.58,162.38,10.56,99.86,3.726
1788357043.710,170.000,156.9,10.01,11.10,16.03,9.69,1.82,146.98,2.78,80.00,0.97,0.00,1.56,10.50,0.99,0.00,1.61,3.77,6.68,160.41,10.56,99.86,15.476,10.04,9.60,15.98,7.43,1.53,21.75,3.33,100.00,0.94,0.00,1.55,13.20,1.00,0.00,1.61,8.64,6.68,160.52,10.56,99.86,26.723,9.99,2.54,16.11,7.32,1.54,8.67,2.50,0.00,0.97,0.00,1.58,8.64,1.00,0.00,1.73,50.00,6.68,160.76,10.56,99.86,2.821
1788357045.356,171.000,158.5,9.97,13.00,16.26,9.15,1.55,17.24,2.50,0.00,0.97,0.00,1.58,10.50,1.00,12.30,1.62,9.98,6.71,159.53,10.56,99.86,15.076,10.03,6.74,16.23,8.42,1.54,15.38,2.50,0.00,0.95,0.00,1.52,9.80,1.00,20.08,1.61,4.99,6.66,160.60,10.56,99.86,25.865,10.00,1.55,16.19,7.41,1.54,10.02,2.50,0.00,0.98,0.00,1.58,6.80,1.11,97.71,1.74,44.58,6.67,160.14,10.56,99.86,1.827
1788357047.013,172.000,160.2,9.96,12.30,16.60,11.66,1.51,25.24,2.50,0.00,0.96,0.00,1.59,14.97,1.00,12.36,1.66,16.44,6.52,164.82,10.56,99.86,14.126,10.00,7.90,16.43,10.66,1.20,195.71,2.22,86.60,0.95,0.00,1.56,28.16,1.01,14.55,1.66,19.87,6.52,165.03,10.56,99.86,25.533,10.01,1.86,16.46,8.51,1.51,27.75,2.50,0.00,0.95,0.00,1.61,10.50,1.11,100.16,1.88,33.04,6.52,164.79,10.56,99.86,1.314
1788357048.694,173.000,161.9,10.05,13.76,16.73,12.69,1.44,1.37,2.50,0.00,0.97,0.00,1.62,7.54,1.00,22.55,1.68,28.47,6.51,166.50,10.56,99.86,13.226,10.00,3.49,16.70,11.88,1.51,23.95,2.22,86.60,0.94,0.00,1.59,29.63,1.00,7.23,1.68,21.00,6.51,167.39,10.56,99.86,24.991,10.00,2.40,16.70,9.57,1.51,23.69,2.50,0.00,0.98,0.00,1.63,15.43,1.11,99.47,1.80,33.94,6.51,167.63,10.56,99.86,0.333
1788357050.351,174.000,163.5,10.00,4.56,16.63,11.03,1.51,30.44,2.50,0.00,0.95,0.00,1.60,9.98,1.00,2.52,1.68,16.76,6.54,163.88,10.56,99.86,12.826,9.96,1.75,16.70,9.47,1.51,8.94,2.50,0.00,0.94,0.00,1.59,17.99,1.00,3.23,1.67,13.20,6.54,163.90,10.56,99.86,24.229,10.00,3.36,16.70,8.38,1.52,268.67,2.50,141.42,0.97,0.00,1.61,16.11,1.00,0.00,1.68,17.99,6.54,163.81,10.56,99.86,0.121
1788357052.025,175.000,165.2,10.00,9.31,16.60,10.69,1.45,14.09,2.50,0.00,0.97,0.00,1.61,22.63,1.00,0.00,1.66,5.66,6.52,167.22,10.56,99.86,12.071,10.00,8.56,16.63,8.44,1.46,38.68,2.50,0.00,0.97,0.00,1.59,20.40,1.00,0.00,1.66,8.64,6.52,167.00,10.56,99.86,23.760,10.00,2.88,16.60,8.00,2.95,20.16,3.89,139.97,0.97,0.00,1.63,16.76,1.00,0.73,1.68,9.98,6.51,166.66,10.56,99.86,0.050
1788357053.718,176.000,166.9,9.99,9.12,16.91,12.83,1.54,35.59,2.50,0.00,0.97,0.00,1.61,23.63,1.00,0.00,1.67,0.00,6.62,162.44,10.56,99.86,11.621,9.95,3.91,16.73,8.29,1.53,22.83,2.50,0.00,0.96,0.00,1.59,22.86,1.00,2.09,1.67,3.77,6.62,162.12,10.56,99.86,23.022,10.00,2.27,16.77,8.08,3.06,15.55,5.00,0.00,0.97,0.00,1.62,28.47,1.00,0.00,1.67,6.80,6.62,161.42,10.56,99.86,0.071
1788357055.366,177.000,168.5,10.01,5.30,16.67,11.23,1.50,26.97,2.50,0.00,0.97,0.00,1.61,16.44,1.00,0.13,1.67,1.89,6.55,166.33,10.56,99.86,11.020,10.00,3.22,16.70,6.86,1.49,8.65,2.50,0.00,0.96,0.00,1.58,19.14,1.00,2.62,1.68,3.27,6.54,165.78,10.56,99.86,22.635,10.52,21.18,17.14,12.50,1.78,144.76,3.89,90.35,1.08,117.31,1.76,67.91,1.00,0.05,1.67,1.89,6.55,165.98,10.56,99.86,15.213
1788357057.077,178.000,170.2,10.01,9.15,16.84,7.64,1.51,4.93,2.50,0.00,0.95,0.00,1.62,6.53,0.99,0.00,1.67,5.66,6.53,166.03,10.56,99.86,10.222,10.00,6.09,16.80,7.35,1.47,31.69,2.50,0.00,0.94,0.00,1.61,1.89,0.99,0.00,1.66,6.80,6.50,165.61,10.56,99.86,21.951,10.00,2.29,17.38,12.72,2.25,159.29,3.33,100.00,0.96,0.00,1.74,72.61,1.00,0.00,1.69,18.18,6.52,166.27,10.56,99.86,14.840
1788357058.741,179.000,171.9,10.02,4.70,16.84,8.87,1.50,16.31,2.50,0.00,0.97,0.00,1.62,6.53,1.00,2.66,1.68,13.60,6.51,166.83,10.56,99.86,9.817,10.03,4.84,16.91,7.55,1.51,0.54,2.50,0.00,0.96,0.00,1.60,4.99,1.00,3.51,1.67,17.99,6.52,165.82,10.56,99.86,21.313,10.00,4.83,16.91,7.22,1.50,15.49,2.78,80.00,0.97,0.00,1.64,10.50,1.00,0.10,1.67,22.86,6.51,166.22,10.56,99.86,13.855
1788357060.427,180.000,173.6,9.99,7.00,16.70,9.26,1.49,13.07,2.50,0.00,0.97,0.00,1.62,12.36,1.00,0.00,1.68,7.54,6.55,166.04,10.56,99.86,8.978,10.05,3.07,16.77,7.78,1.49,3.09,2.50,0.00,0.96,0.00,1.60,4.99,1.01,0.00,1.67,9.98,6.55,166.16,10.56,99.86,20.894,10.01,3.20,16.73,7.62,1.49,12.48,2.50,0.00,0.96,0.00,1.64,10.50,1.00,0.44,1.67,16.44,6.55,165.88,10.56,99.86,13.425
1788357062.142,181.000,175.3,10.03,7.87,17.01,8.94,1.48,0.61,2.50,0.00,0.95,0.00,1.66,17.28,1.00,0.88,1.71,11.47,6.44,168.99,10.56,99.86,8.155,10.00,3.03,17.08,7.74,1.48,35.71,2.50,0.00,0.96,0.00,1.63,3.77,1.00,3.78,1.70,14.24,6.44,169.40,10.56,99.86,20.143,10.00,2.98,16.98,8.37,1.48,4.10,2.50,0.00,0.91,0.00,1.60,13.06,1.00,0.06,1.70,8.64,6.44,168.70,10.56,99.86,12.499
1788357063.851,182.000,177.0,10.08,13.74,17.10,10.76,1.47,26.52,2.50,0.00,0.98,0.00,1.65,19.14,0.98,0.00,1.70,12.36,6.32,173.01,10.56,99.86,7.772,10.00,6.66,17.17,8.63,1.48,38.97,2.50,0.00,0.96,0.00,1.63,0.00,1.00,0.00,1.71,12.36,6.32,173.42,10.56,99.86,19.642,10.02,1.49,17.14,7.58,1.47,36.63,2.50,0.00,0.97,0.00,1.61,16.44,1.00,1.40,1.71,6.53,6.32,160.73,10.56,99.86,11.671
1788357065.561,183.000,178.7,10.02,9.03,17.17,10.94,1.47,6.40,2.50,0.00,0.97,0.00,1.65,18.57,1.01,14.84,1.71,11.78,6.52,167.09,10.56,99.86,6.972,10.08,5.67,17.07,9.35,1.78,152.20,2.78,80.00,0.95,0.00,1.64,4.99,1.00,0.00,1.71,5.66,6.52,166.86,10.56,99.86,18.774,10.01,1.10,17.03,7.68,1.47,7.48,2.50,0.00,0.97,0.00,1.64,10.50,1.00,0.58,1.71,1.89,6.51,166.63,10.56,99.86,11.205
1788357067.268,184.000,180.4,10.00,4.23,17.10,9.94,1.48,3.96,2.50,0.00,0.97,0.00,1.63,11.47,1.00,1.18,1.70,6.53,6.52,165.82,10.56,99.86,6.172,9.90,4.20,17.12,8.24,2.35,147.33,3.33,100.00,0.96,0.00,1.62,10.50,1.00,0.58,1.70,8.22,6.55,166.26,10.56,99.86,17.814,10.00,1.08,16.94,8.18,1.47,8.32,2.50,0.00,0.98,0.00,1.64,3.77,1.00,0.00,1.69,3.27,6.55,165.97,10.56,99.86,10.366
1788357068.961,185.000,182.1,10.00,7.15,17.07,9.84,1.48,18.34,2.50,0.00,0.98,0.00,1.64,18.18,1.00,0.00,1.72,13.60,6.38,169.45,10.56,99.86,5.773,9.99,5.54,17.08,7.74,1.48,17.07,2.78,80.00,0.95,0.00,1.62,14.24,1.00,0.00,1.71,14.97,6.37,170.28,10.56,99.86,17.374,9.99,0.74,16.94,8.18,1.49,16.99,2.50,0.00,0.97,0.00,1.66,14.24,1.00,0.00,1.71,20.40,6.37,169.96,10.56,99.86,9.546
1788357070.708,186.000,183.9,10.02,12.23,17.21,10.73,1.41,7.07,2.50,0.00,0.97,0.00,1.70,3.27,1.00,0.00,1.73,9.98,6.29,173.27,10.56,99.86,4.976,10.02,4.03,17.24,8.13,1.41,5.07,2.50,0.00,0.96,0.00,1.67,3.27,1.00,0.00,1.73,11.47,6.28,172.51,10.56,99.86,16.699,10.01,0.91,17.24,8.53,1.41,5.36,2.50,0.00,0.97,0.00,1.67,13.20,1.00,0.04,1.75,22.63,6.29,172.92,10.56,99.86,9.122
1788357072.431,187.000,185.6,10.01,4.91,17.45,9.64,1.44,3.59,2.50,0.00,0.98,0.00,1.69,3.77,1.00,9.58,1.73,3.77,6.36,171.48,10.56,99.86,4.226,10.00,6.20,17.35,7.89,1.46,14.33,2.50,0.00,0.96,0.00,1.67,0.00,1.00,4.58,1.73,1.89,6.36,170.23,10.56,99.86,16.153,10.00,0.92,17.35,8.57,1.44,11.20,2.50,0.00,0.95,0.00,1.69,5.66,1.00,0.00,1.76,18.86,6.36,170.59,10.56,99.86,8.324
1788357074.161,188.000,187.3,10.03,6.30,17.28,8.85,1.42,1.81,2.50,0.00,0.96,0.00,1.69,3.77,1.00,4.12,1.74,5.66,6.38,169.84,10.56,99.86,3.822,9.96,5.50,17.28,7.53,1.44,37.13,2.22,86.60,0.93,0.00,1.67,1.89,1.00,0.00,1.72,5.66,6.38,170.98,10.56,99.86,15.819,9.99,4.44,17.21,8.36,1.42,0.42,2.50,0.00,0.98,0.00,1.66,13.60,1.00,0.84,1.74,13.20,6.38,170.48,10.56,99.86,7.469
1788357075.926,189.000,189.1,10.02,10.14,17.45,9.69,2.10,168.10,3.12,97.98,0.97,0.00,1.69,13.60,0.99,0.00,1.74,5.66,6.24,173.91,10.56,99.86,2.953,10.01,8.59,17.42,7.32,1.41,12.24,2.50,0.00,0.98,0.00,1.67,34.41,0.99,0.00,1.74,11.47,6.23,174.56,10.56,99.86,15.225,10.00,1.21,17.45,8.27,1.40,3.06,2.50,0.00,0.98,0.00,1.67,19.14,1.00,0.43,1.72,3.77,6.23,173.98,10.56,99.86,7.082
1788357077.663,190.000,190.8,10.01,6.47,17.60,9.79,2.91,13.20,4.38,69.99,0.97,0.00,1.70,5.66,1.00,0.63,1.73,4.99,6.32,171.44,10.56,99.86,1.876,10.04,5.44,17.60,7.25,1.43,9.88,2.50,0.00,0.97,0.00,1.71,17.99,1.01,0.31,1.75,8.22,6.32,171.46,10.56,99.86,14.453,9.99,1.32,17.45,8.61,1.47,2.29,2.50,0.00,0.96,0.00,1.70,14.97,1.00,0.00,1.74,13.06,6.32,170.44,10.56,99.86,6.311
1788357079.420,191.000,192.6,9.98,7.15,17.45,9.34,1.38,15.02,3.33,100.00,0.98,0.00,1.70,3.77,1.00,0.00,1.76,6.80,6.20,175.11,10.56,99.86,1.424,10.01,6.39,17.54,8.83,2.25,146.09,3.33,100.00,0.97,0.00,1.69,8.64,1.00,0.00,1.77,9.43,6.20,175.63,10.56,99.86,14.009,10.00,1.60,17.45,7.98,1.39,15.70,2.50,0.00,0.96,0.00,1.72,21.25,1.00,0.00,1.76,23.17,6.20,175.39,10.56,99.86,5.522
1788357081.192,192.000,194.4,9.95,10.24,17.57,9.89,1.45,28.42,2.50,0.00,0.97,0.00,1.72,16.44,1.00,3.20,1.76,4.99,6.33,171.51,10.56,99.86,0.616,10.02,6.31,17.61,9.50,1.72,164.27,3.33,100.00,0.97,0.00,1.71,8.64,1.00,6.55,1.76,11.47,5.18,171.71,9.44,99.83,13.093,10.00,0.98,17.71,7.27,2.90,20.19,3.89,90.35,0.98,0.00,1.72,17.28,1.00,0.20,1.76,23.17,6.33,171.84,10.56,99.86,4.612
1788357082.913,193.000,196.1,10.02,8.35,17.35,9.99,0.98,0.00,1.87,94.28,0.98,0.00,1.71,18.57,1.00,4.17,1.74,6.80,6.40,169.11,10.56,99.86,0.312,10.10,6.06,17.45,8.98,1.46,13.02,2.50,0.00,0.96,0.00,1.69,13.06,1.00,0.00,1.73,6.80,6.39,169.32,9.44,99.83,12.101,9.98,0.89,17.49,8.43,1.75,166.95,3.89,90.35,0.97,0.00,1.67,9.98,1.00,0.21,1.72,8.64,6.39,168.89,10.56,99.86,4.174
1788357084.679,194.000,197.8,10.02,3.12,17.49,7.97,0.56,0.00,1.25,200.00,0.97,0.00,1.69,13.60,1.00,0.00,1.74,6.53,6.13,176.84,10.56,99.86,0.221,10.00,1.85,17.38,8.95,1.44,13.92,2.50,0.00,0.97,0.00,1.67,7.54,1.00,0.00,1.74,5.66,6.13,177.17,10.56,99.86,11.697,10.00,2.14,17.53,9.47,1.38,34.79,2.50,0.00,0.97,0.00,1.69,14.97,1.00,0.00,1.74,1.89,6.13,177.53,10.56,99.86,3.397
1788357086.459,195.000,199.6,10.00,7.15,17.71,8.43,1.14,150.58,2.00,100.00,0.98,0.00,1.72,10.50,0.98,0.00,1.76,3.27,6.26,174.13,10.56,99.86,0.241,9.99,8.48,17.75,10.49,1.42,16.32,2.50,0.00,0.98,0.00,1.73,13.60,0.98,0.00,1.76,5.66,6.26,173.59,10.56,99.86,10.898,9.98,1.43,17.71,9.31,1.42,58.15,2.50,0.00,0.99,0.00,1.75,18.18,1.00,0.00,1.78,16.11,6.26,174.15,10.56,99.86,2.570
1788357088.184,196.000,201.3,10.06,4.19,17.60,9.39,1.72,207.36,2.86,86.60,0.97,0.00,1.73,19.69,1.01,13.14,1.76,26.20,6.30,171.18,10.56,99.86,0.171,10.00,7.77,17.57,10.03,1.12,172.84,2.22,86.60,0.96,0.00,1.69,15.43,1.01,9.55,1.76,24.94,6.30,160.24,10.56,99.86,10.333,9.99,6.18,17.53,7.34,1.45,0.96,2.50,0.00,0.97,0.00,1.73,20.74,1.00,0.00,1.76,24.66,6.30,159.97,10.56,99.86,2.053
1788357089.994,197.000,203.2,10.00,5.93,17.61,9.06,2.25,152.20,3.75,94.28,0.98,0.00,1.70,13.20,1.00,5.64,1.78,27.19,6.15,176.89,10.56,99.86,0.100,9.97,5.40,17.64,7.37,2.11,167.11,2.86,165.83,0.97,0.00,1.70,16.76,1.00,5.48,1.78,27.39,6.15,176.82,10.56,99.86,9.866,10.00,3.43,17.71,7.01,1.42,3.02,2.50,0.00,0.98,0.00,1.70,14.97,1.00,1.87,1.76,24.07,6.15,176.90,10.56,99.86,1.096
1788357091.799,198.000,205.0,10.24,23.28,18.22,13.39,1.65,166.52,3.75,94.28,1.64,421.29,2.17,221.94,1.00,0.00,1.79,12.36,6.05,180.24,10.56,99.86,27.572,10.00,3.67,18.07,9.21,1.67,166.59,3.13,97.98,0.97,0.00,1.71,9.80,0.99,0.00,1.79,13.20,6.05,178.93,10.56,99.86,9.533,9.99,1.38,18.11,8.53,1.43,46.52,2.50,0.00,0.97,0.00,1.77,14.97,1.00,1.14,1.78,16.76,6.05,179.46,10.56,99.86,0.433
1788357093.550,199.000,206.7,10.00,3.64,17.89,12.99,2.82,10.59,3.89,90.35,0.95,0.00,2.14,227.88,1.00,0.00,1.78,26.60,6.24,173.93,10.56,99.86,27.435,10.00,2.07,17.75,10.62,1.41,1.59,2.50,0.00,0.97,0.00,1.73,27.39,0.99,0.00,1.79,25.51,6.25,174.28,10.56,99.86,8.836,10.02,4.04,17.75,9.04,0.97,0.00,1.88,94.28,0.99,0.00,1.76,17.99,0.98,0.00,1.76,33.36,6.22,173.60,10.56,99.86,0.191
1788357095.359,200.000,208.5,10.01,3.09,17.82,7.74,1.67,168.13,3.89,90.35,0.94,0.00,1.66,27.39,1.00,2.11,1.76,14.73,6.12,177.85,10.56,99.86,26.724,10.00,2.98,17.75,9.34,1.41,29.17,2.50,0.00,0.97,0.00,1.73,19.96,1.00,4.57,1.76,11.47,6.12,177.95,10.56,99.86,8.086,10.03,2.57,17.75,9.44,2.79,0.00,1.67,326.60,0.97,0.00,1.74,8.64,1.01,12.09,1.77,23.17,6.12,176.98,10.56,99.86,0.050
1788357097.224,201.000,210.4,10.01,10.56,18.48,11.05,1.33,25.25,2.50,0.00,0.94,0.00,1.70,6.80,1.00,0.00,1.82,23.63,5.92,183.84,10.56,99.86,26.327,10.00,2.72,18.26,8.16,1.33,19.99,2.50,0.00,0.97,0.00,1.79,10.50,1.00,0.75,1.82,20.40,5.92,183.66,10.56,99.86,7.286,9.99,2.03,18.26,8.94,2.70,15.40,5.00,0.00,0.97,0.00,1.77,4.99,1.00,0.32,1.85,16.33,5.92,182.53,10.56,99.86,0.000
1788357099.007,202.000,212.2,10.01,2.87,18.26,11.07,1.37,45.31,2.50,0.00,0.94,0.00,1.72,20.74,1.00,0.00,1.84,19.96,6.14,176.78,10.56,99.86,25.653,9.99,8.07,18.22,6.97,1.37,51.33,2.50,0.00,0.97,0.00,1.79,9.98,1.00,0.00,1.85,15.43,6.14,177.31,10.56,99.86,6.956,10.02,4.28,18.26,7.82,2.79,27.47,5.00,0.00,0.98,0.00,1.77,26.73,1.00,1.37,1.83,22.94,6.14,177.17,10.56,99.86,0.050
1788357100.894,203.000,214.1,10.00,1.93,18.26,8.53,1.34,12.63,2.50,0.00,0.95,0.00,1.72,25.51,1.00,5.33,1.82,17.99,5.90,184.42,10.56,99.86,25.073,10.00,6.18,18.37,8.45,1.33,19.37,2.50,0.00,0.96,0.00,1.77,22.23,0.99,0.00,1.82,19.69,5.90,184.37,10.56,99.86,6.227,10.43,22.72,18.69,12.21,2.15,152.44,4.44,66.14,1.28,250.76,2.05,140.07,0.98,0.00,1.81,16.11,5.90,184.27,10.56,99.86,24.521
1788357102.746,204.000,215.9,10.00,4.27,18.65,8.34,1.33,16.23,2.50,0.00,0.96,0.00,1.79,15.43,0.99,0.00,1.88,3.77,5.89,185.32,10.56,99.86,24.560,10.03,8.29,18.69,11.17,1.32,16.67,2.50,0.00,0.97,0.00,1.83,8.22,0.98,0.00,1.88,7.54,5.90,184.59,10.56,99.86,5.530,10.01,1.27,19.04,12.04,2.65,25.24,4.44,66.14,0.96,0.00,2.06,137.44,1.01,11.66,1.88,9.43,5.89,185.19,10.56,99.86,24.130
1788357104.506,205.000,217.7,10.00,6.59,18.11,9.42,1.42,10.47,2.50,0.00,0.94,0.00,1.76,12.36,1.00,5.09,1.82,22.86,6.17,176.29,10.56,99.86,24.141,9.99,0.86,18.11,10.87,1.42,11.66,2.50,0.00,0.98,0.00,1.76,26.20,1.01,10.21,1.82,18.18,6.17,176.38,10.56,99.86,4.827,10.00,6.61,18.07,8.19,1.42,8.72,3.33,100.00,0.96,0.00,1.74,28.16,1.00,0.00,1.82,17.28,6.17,174.11,10.56,99.86,23.281
1788357106.351,206.000,219.5,10.00,7.50,18.08,9.44,1.36,18.98,2.50,0.00,0.94,0.00,1.72,12.36,1.00,1.62,1.79,22.23,6.02,180.85,10.56,99.86,23.452,10.00,2.35,18.04,10.03,1.36,20.10,2.50,0.00,0.98,0.00,1.76,21.75,1.00,0.00,1.79,23.63,6.02,180.64,10.56,99.86,4.226,10.00,1.14,18.07,8.97,1.36,20.71,2.50,0.00,0.97,0.00,1.73,24.07,1.00,0.00,1.79,16.97,6.02,180.92,10.56,99.86,22.778
1788357108.255,207.000,221.4,9.95,4.30,18.65,8.29,1.34,34.60,2.50,0.00,0.96,0.00,1.76,13.60,1.00,12.35,1.88,4.99,5.77,189.46,10.56,99.86,22.722,9.98,6.04,18.76,10.56,1.35,37.22,2.50,0.00,0.97,0.00,1.79,6.80,1.00,8.88,1.88,6.53,5.78,189.01,10.56,99.86,3.868,10.00,1.22,18.57,8.95,1.35,34.38,2.50,0.00,0.96,0.00,1.79,5.66,1.00,0.77,1.87,9.98,5.80,188.73,10.56,99.86,22.050
1788357110.060,208.000,223.2,10.00,6.78,18.57,8.50,1.37,30.71,2.50,0.00,0.96,0.00,1.76,13.60,1.01,7.54,1.88,4.99,6.07,179.28,10.56,99.86,22.093,10.00,10.76,18.54,9.37,1.37,26.08,2.50,0.00,0.97,0.00,1.80,22.86,1.00,4.68,1.88,4.99,6.06,177.80,10.56,99.86,3.065,9.98,2.97,18.54,9.74,1.36,38.13,2.50,0.00,0.96,0.00,1.79,21.00,0.99,0.00,1.85,22.86,6.05,179.01,10.56,99.86,21.251
1788357111.955,209.000,225.1,10.00,4.84,18.40,9.21,1.33,9.88,2.50,0.00,0.95,0.00,1.76,13.60,1.00,0.00,1.85,21.75,5.91,183.84,10.56,99.86,21.781,10.01,3.19,18.60,9.35,1.33,12.56,2.50,0.00,0.97,0.00,1.79,12.36,1.00,0.00,1.86,22.23,5.90,183.81,10.56,99.86,2.140,10.00,1.31,18.33,10.46,1.33,12.70,2.50,0.00,0.94,0.00,1.75,16.76,1.00,12.49,1.85,21.75,5.90,184.68,10.56,99.86,20.566
1788357113.865,210.000,227.0,10.04,4.32,19.08,9.83,1.28,13.51,2.50,0.00,0.97,0.00,1.82,1.89,0.99,0.00,1.93,3.77,5.68,191.08,10.56,99.86,21.112,9.97,4.97,19.07,9.47,1.28,7.76,2.50,0.00,0.97,0.00,1.87,9.43,0.98,0.00,1.92,3.77,5.68,191.88,10.56,99.86,1.314,10.00,1.02,19.08,10.69,1.28,14.95,2.50,0.00,0.95,0.00,1.83,13.20,1.00,14.37,1.90,1.89,5.68,191.39,10.56,99.86,19.923
1788357115.692,211.000,228.9,10.01,8.26,18.72,10.15,1.36,3.70,2.50,0.00,0.96,0.00,1.79,13.20,1.00,9.29,1.87,14.24,5.95,183.33,10.56,99.86,20.343,10.00,4.90,18.72,8.73,1.36,4.61,2.50,0.00,0.97,0.00,1.82,15.43,1.00,7.91,1.86,9.43,5.95,182.02,10.56,99.86,0.433,10.01,0.78,18.57,8.80,1.36,2.07,2.50,0.00,0.98,0.00,1.81,18.57,1.00,0.00,1.89,7.54,5.95,181.95,10.56,99.86,19.527
1788357117.633,212.000,230.8,10.00,2.13,18.76,12.58,1.33,35.03,2.50,0.00,0.96,0.00,1.76,6.80,1.00,0.50,1.86,17.99,5.82,185.34,10.56,99.86,19.598,10.03,5.80,18.80,8.52,1.06,226.57,2.22,86.60,0.97,0.00,1.83,16.44,1.00,3.72,1.87,20.40,5.84,185.49,10.56,99.86,0.071,10.01,3.01,18.76,8.78,1.32,35.07,2.50,0.00,0.98,0.00,1.79,23.63,1.00,0.00,1.86,17.99,5.84,185.67,10.56,99.86,18.777
1788357119.585,213.000,232.7,9.99,3.49,19.51,11.49,1.28,45.18,2.50,0.00,0.96,0.00,1.86,16.11,0.83,0.00,1.85,41.48,5.54,193.97,10.56,99.86,18.877,10.03,2.51,19.43,8.27,2.04,162.61,3.12,160.00,0.98,0.00,1.90,16.44,0.83,0.00,1.85,41.61,5.54,195.47,10.56,99.86,0.050,10.00,2.54,19.43,10.27,1.25,58.19,2.50,0.00,0.97,0.00,1.90,1.89,0.83,0.00,1.85,41.61,5.54,196.63,10.56,99.86,18.034
1788357121.408,214.000,234.6,10.04,2.21,18.88,8.08,1.33,2.09,2.50,0.00,0.96,0.00,1.87,12.36,1.00,1.18,1.78,29.63,5.92,183.30,10.56,99.86,18.477,10.00,3.52,18.92,8.27,2.69,7.85,5.00,0.00,0.97,0.00,1.88,16.11,1.00,0.80,1.78,29.63,5.92,182.85,10.56,99.86,0.100,10.02,3.30,18.95,10.14,1.35,19.46,2.50,0.00,0.96,0.00,1.84,13.06,1.00,0.56,1.79,29.93,5.92,183.21,10.56,99.86,17.305
1788357123.363,215.000,236.5,10.00,3.39,18.88,8.34,1.29,14.77,2.50,0.00,0.96,0.00,1.79,26.40,0.99,0.00,1.89,18.86,5.81,187.66,10.56,99.86,17.647,10.00,6.50,18.84,10.00,2.64,20.25,5.00,0.00,0.99,0.00,1.84,27.90,1.00,0.00,1.90,21.00,5.81,186.77,10.56,99.86,0.100,10.00,0.80,18.95,8.15,1.61,176.42,2.78,80.00,0.98,0.00,1.82,16.97,1.00,3.54,1.88,13.60,5.80,187.37,10.56,99.86,16.490
1788357125.301,216.000,238.5,9.96,2.75,19.43,10.31,1.25,16.91,2.50,0.00,0.96,0.00,1.90,1.89,0.84,0.00,1.82,45.25,5.54,196.96,10.56,99.86,17.023,10.34,23.55,19.78,12.53,1.51,193.59,3.89,90.35,1.06,136.21,2.09,51.88,0.84,0.00,1.83,47.25,5.54,196.91,10.56,99.86,15.270,10.00,1.60,19.59,8.53,1.27,14.88,2.78,80.00,0.97,0.00,1.90,11.47,0.83,0.00,1.83,32.22,5.54,196.39,10.56,99.86,15.734
1788357127.149,217.000,240.3,9.93,5.53,18.84,10.34,1.35,37.81,2.50,0.00,0.96,0.00,1.82,21.25,1.02,0.00,1.78,37.14,5.94,182.96,10.56,99.86,16.386,10.01,2.81,19.23,12.17,1.62,180.03,3.12,97.98,0.96,0.00,1.80,27.39,1.01,0.00,1.78,34.92,5.94,182.56,10.56,99.86,14.488,9.99,3.03,18.76,9.44,1.63,184.33,2.78,80.00,0.94,0.00,1.88,14.24,1.00,0.00,1.80,26.40,5.95,182.59,10.56,99.86,15.334
1788357129.164,218.000,242.3,10.08,6.11,19.27,9.15,1.27,20.79,2.50,0.00,0.97,0.00,1.88,31.72,0.82,0.00,1.84,23.63,5.50,197.24,10.56,99.86,15.871,10.01,5.18,19.35,8.63,1.27,29.70,2.78,80.00,0.96,0.00,1.87,32.66,0.83,0.00,1.82,19.87,5.00,198.83,10.56,99.86,13.741,10.01,2.59,19.31,10.18,1.27,22.06,2.78,80.00,0.97,0.00,1.82,28.16,0.83,0.00,1.80,26.40,5.00,197.87,10.56,99.86,14.511
1788357131.150,219.000,244.3,9.99,10.92,20.04,9.08,1.26,17.99,2.50,0.00,0.97,0.00,1.92,22.86,0.99,0.00,1.77,30.35,5.56,196.93,10.56,99.86,15.213,9.96,2.44,19.98,8.49,1.26,22.49,2.50,0.00,0.97,0.00,1.92,23.55,1.00,0.00,1.78,35.83,5.55,196.52,10.56,99.86,12.961,10.00,2.86,20.08,9.03,1.26,21.16,2.50,0.00,0.97,0.00,1.94,14.97,1.00,0.00,1.77,29.63,5.55,196.92,10.56,99.86,13.811
1788357133.005,220.000,246.2,10.05,11.79,19.08,8.04,1.33,27.98,2.50,0.00,0.96,0.00,1.80,14.97,1.01,0.79,1.89,13.60,5.90,183.94,10.56,99.86,14.730,10.00,2.66,19.19,8.87,1.33,31.62,2.50,0.00,0.96,0.00,1.81,16.33,1.00,1.54,1.90,15.43,5.90,184.60,10.56,99.86,12.199,10.01,1.53,19.19,9.34,1.33,37.61,2.50,0.00,0.98,0.00,1.86,13.60,1.00,0.00,1.87,19.14,5.91,183.97,10.56,99.86,13.058
1788357135.119,221.000,248.3,10.01,7.89,19.98,10.08,1.20,0.77,2.50,0.00,0.97,0.00,1.94,45.29,0.83,0.00,1.85,18.57,5.39,205.48,10.56,99.86,14.047,10.01,4.17,19.82,9.66,1.20,0.75,2.50,0.00,0.97,0.00,1.93,39.51,0.83,0.00,1.85,14.24,5.38,205.96,10.56,99.86,11.559,10.00,0.71,19.82,10.59,1.20,0.20,2.50,0.00,0.97,0.00,1.88,17.28,0.83,0.00,1.82,25.37,5.39,206.02,10.56,99.86,12.274
1788357137.035,222.000,250.2,10.04,4.05,20.24,11.61,1.26,11.89,2.50,0.00,0.96,0.00,1.99,27.78,1.00,0.00,1.78,17.99,5.53,197.01,10.56,99.86,13.672,10.00,3.39,20.20,11.23,1.27,17.32,2.50,0.00,0.97,0.00,1.97,24.94,1.00,0.00,1.79,26.73,5.53,196.88,10.56,99.86,11.255,10.00,3.23,20.08,8.99,1.27,28.01,2.50,0.00,0.98,0.00,1.94,8.22,1.00,0.00,1.79,14.73,5.54,196.66,10.56,99.86,11.574
1788357138.976,223.000,252.1,9.99,5.64,19.15,11.64,1.30,16.09,2.50,0.00,0.97,0.00,1.84,6.53,1.00,0.00,1.89,11.78,5.79,188.34,10.56,99.86,12.820,10.00,1.72,19.27,11.26,1.30,21.55,2.50,0.00,0.97,0.00,1.85,8.22,1.00,0.02,1.90,6.80,5.76,188.90,10.56,99.86,10.507,10.02,3.06,19.19,8.63,1.29,23.44,2.50,0.00,0.97,0.00,1.87,11.78,1.00,0.18,1.88,8.22,5.75,188.21,10.56,99.86,10.824
1788357141.037,224.000,254.2,10.00,2.13,20.10,10.90,1.20,23.68,2.50,0.00,0.98,0.00,1.93,24.73,0.84,0.00,1.77,22.63,5.38,205.87,10.56,99.86,12.030,9.99,7.12,19.98,9.58,1.21,30.86,2.50,0.00,0.97,0.00,1.93,27.78,0.83,0.00,1.77,27.19,5.37,206.25,10.56,99.86,9.850,10.01,1.38,20.02,10.90,1.21,39.38,2.50,0.00,0.97,0.00,1.97,17.28,0.83,0.00,1.79,19.87,5.38,207.22,10.56,99.86,10.224
1788357142.991,225.000,256.2,10.00,8.75,20.12,11.31,1.27,22.59,2.50,0.00,0.97,0.00,1.98,8.64,1.01,0.00,1.76,32.17,5.60,194.63,10.56,99.86,11.273,9.99,3.24,20.08,6.75,1.27,23.18,2.50,0.00,0.97,0.00,1.97,18.18,1.00,0.09,1.88,41.48,5.59,193.55,10.56,99.86,9.213,9.99,3.06,20.08,11.90,1.27,19.00,2.50,0.00,0.97,0.00,1.95,11.78,1.00,0.06,1.88,29.03,5.59,194.25,10.56,99.86,9.536
1788357145.027,226.000,258.2,9.98,3.12,20.02,10.79,1.31,18.27,2.50,0.00,0.97,0.00,1.88,12.36,1.00,0.00,1.82,34.92,5.50,199.98,10.56,99.86,10.666,10.01,5.78,19.78,6.99,1.31,18.87,2.50,0.00,0.98,0.00,1.89,17.99,0.83,0.00,1.88,24.51,5.50,198.94,10.56,99.86,8.506,10.00,2.67,19.98,12.11,1.31,19.91,2.50,0.00,0.98,0.00,1.91,36.12,0.83,0.00,1.85,22.86,5.50,198.96,10.56,99.86,8.836
1788357147.091,227.000,260.3,9.98,6.05,20.53,9.38,1.23,41.66,2.50,0.00,0.97,0.00,2.01,35.98,0.83,0.00,1.81,21.42,5.48,202.19,10.56,99.86,10.124,10.11,4.91,20.70,9.23,1.23,43.73,2.50,0.00,0.97,0.00,2.03,15.43,0.83,0.00,1.82,13.60,5.50,201.63,10.56,99.86,7.796,10.01,3.43,20.58,9.90,1.21,31.30,2.50,0.00,0.97,0.00,2.03,17.28,0.83,0.00,1.79,20.74,5.51,202.97,10.56,99.86,8.036
1788357148.995,228.000,262.2,10.00,2.83,19.78,8.62,1.91,157.67,3.13,97.98,0.97,0.00,1.94,23.63,1.00,0.00,1.76,21.75,5.65,191.88,10.56,99.86,9.661,9.99,2.48,19.82,10.47,1.27,46.01,2.50,0.00,0.98,0.00,1.94,17.99,1.00,0.00,1.77,23.55,5.64,191.82,10.56,99.86,6.982,10.00,0.65,19.74,8.70,1.29,32.77,2.50,0.00,0.97,0.00,1.91,18.57,1.00,0.00,1.79,33.99,5.65,192.35,10.56,99.86,7.336
1788357151.075,229.000,264.2,9.99,2.36,19.90,8.91,1.20,1.60,2.78,80.00,0.97,0.00,1.89,20.40,0.83,0.00,1.83,22.23,5.41,204.40,10.56,99.86,9.006,9.93,4.45,19.90,10.24,1.21,5.32,2.50,0.00,0.97,0.00,1.91,17.28,0.83,0.00,1.82,19.14,5.41,204.51,10.56,99.86,6.373,10.00,1.36,19.90,8.82,2.02,146.89,3.33,100.00,0.97,0.00,1.94,22.86,0.83,0.00,1.84,34.56,5.41,205.71,10.56,99.86,6.647
1788357153.140,230.000,266.3,10.01,7.31,20.79,10.73,1.19,18.30,2.50,0.00,0.97,0.00,2.03,4.99,0.84,0.00,1.82,21.25,5.36,206.19,10.56,99.86,8.256,10.06,6.26,20.75,10.64,2.40,10.77,3.33,100.00,0.97,0.00,2.04,10.50,0.83,0.00,1.76,12.36,5.37,206.47,10.56,99.86,5.667,10.00,1.27,20.67,9.30,2.39,5.31,4.44,66.14,0.97,0.00,2.02,8.72,0.83,0.00,1.74,19.14,5.37,206.92,10.56,99.86,5.923
1788357155.073,231.000,268.2,9.99,8.34,19.90,11.12,1.32,8.47,2.50,0.00,0.98,0.00,1.96,16.44,1.00,0.00,1.81,37.57,5.75,188.40,10.56,99.86,7.556,9.99,7.75,20.12,10.43,1.53,155.38,3.33,100.00,0.98,0.00,1.91,21.25,1.00,1.06,1.85,27.39,5.75,188.63,10.56,99.86,4.724,9.99,0.27,19.98,10.20,1.54,159.69,3.75,94.28,0.97,0.00,1.91,21.42,1.00,1.29,1.84,29.03,5.76,187.95,10.56,99.86,5.038
1788357157.218,232.000,270.4,9.92,9.67,20.37,11.21,1.19,11.55,2.50,0.00,0.96,0.00,1.97,16.97,0.83,0.00,1.89,19.96,5.25,212.46,10.56,99.86,6.856,10.02,6.92,20.28,10.64,1.16,6.66,2.50,0.00,0.98,0.00,2.00,34.56,0.84,0.00,1.86,21.75,5.24,209.32,10.56,99.86,4.044,10.00,1.81,20.37,9.51,1.17,7.82,2.50,0.00,0.98,0.00,2.01,22.94,0.83,0.00,1.81,14.97,5.24,212.23,10.56,99.86,4.488
1788357159.214,233.000,272.4,10.07,3.52,20.67,10.74,1.23,16.19,2.50,0.00,0.97,0.00,2.01,7.14,0.83,0.00,1.75,19.87,5.58,199.27,10.56,99.86,6.277,10.01,2.49,20.62,10.61,1.20,9.41,2.50,0.00,0.96,0.00,2.05,13.27,0.83,0.00,1.74,18.57,5.57,198.75,10.56,99.86,3.468,10.00,1.48,20.75,10.78,1.20,7.15,2.50,0.00,0.98,0.00,2.02,23.04,0.83,0.00,1.76,9.80,5.57,198.91,10.56,99.86,3.838
1788357161.219,234.000,274.4,9.99,5.08,20.16,8.43,1.28,38.92,2.50,0.00,0.97,0.00,1.92,24.73,0.83,0.00,1.76,32.71,5.57,195.56,10.56,99.86,5.530,9.99,1.07,19.82,8.95,1.25,33.09,2.50,0.00,0.97,0.00,1.93,21.00,0.99,0.00,1.85,41.61,5.57,195.35,10.56,99.86,2.701,10.00,1.50,20.06,12.01,1.25,32.47,2.50,0.00,0.97,0.00,1.91,17.28,0.83,0.00,1.76,33.99,5.57,195.11,10.56,99.86,3.085
1788357163.408,235.000,276.6,10.02,4.13,21.13,8.96,1.13,15.88,2.50,0.00,0.97,0.00,2.00,37.35,0.83,0.00,1.78,16.76,5.07,219.61,10.56,99.86,4.977,10.18,10.57,20.92,9.95,1.13,29.63,2.50,0.00,0.99,0.00,2.02,40.20,0.83,0.00,1.87,24.94,5.07,219.46,10.56,99.86,1.994,10.00,1.42,21.18,11.63,1.69,231.01,3.13,97.98,0.98,0.00,2.04,33.75,0.83,0.00,1.76,31.72,5.07,219.13,10.56,99.86,2.315
1788357165.341,236.000,278.5,10.01,1.74,20.54,10.30,1.53,209.71,2.78,80.00,0.97,0.00,2.02,30.25,1.00,0.29,1.89,19.96,5.60,194.13,10.56,99.86,4.480,10.01,1.35,20.75,9.76,1.29,28.28,2.50,0.00,0.97,0.00,2.04,34.91,1.00,0.00,1.82,31.16,5.60,193.29,10.56,99.86,1.118,9.99,1.74,20.54,11.45,1.29,25.45,2.78,80.00,0.98,0.00,2.01,38.63,1.00,0.00,1.82,34.92,5.60,193.58,10.56,99.86,1.495
1788357167.509,237.000,280.7,10.02,2.30,20.54,10.89,1.53,209.26,2.78,80.00,0.98,0.00,1.93,14.73,0.83,0.00,1.85,34.56,5.27,210.24,10.56,99.86,3.899,9.99,2.45,20.53,7.94,1.25,4.69,2.50,0.00,0.98,0.00,1.92,14.24,0.83,0.00,1.76,32.06,5.28,211.32,10.56,99.86,0.454,10.00,2.86,20.66,10.69,1.25,7.59,2.50,0.00,0.97,0.00,2.01,44.58,0.83,0.00,1.74,33.94,5.29,211.41,10.56,99.86,0.764
1788357169.636,238.000,282.8,10.00,3.55,21.60,11.49,1.15,27.87,2.50,0.00,0.97,0.00,2.08,31.11,0.83,0.00,1.81,26.40,5.18,215.06,10.56,99.86,3.316,9.99,6.02,21.43,9.18,0.50,0.00,1.88,188.56,0.97,0.00,2.07,33.53,0.83,0.00,1.80,28.16,5.18,214.51,10.56,99.86,0.291,10.01,4.60,21.56,10.40,1.12,0.00,2.50,0.00,0.98,0.00,2.10,26.74,0.83,0.00,1.80,33.52,5.19,214.07,10.56,99.86,0.221
1788357171.602,239.000,284.8,10.00,1.58,20.53,9.25,1.30,15.91,2.50,0.00,0.97,0.00,2.07,34.53,1.00,0.00,1.81,36.12,5.62,192.97,10.56,99.86,2.499,10.03,4.04,20.45,10.30,0.64,0.00,1.43,100.00,0.99,0.00,2.07,32.06,0.98,0.00,1.79,31.72,5.63,193.17,10.56,99.86,0.100,10.02,1.20,20.58,10.57,0.88,0.00,1.88,94.28,0.97,0.00,2.01,21.61,1.00,0.00,1.81,39.60,5.62,193.21,10.56,99.86,0.071
1788357173.796,240.000,287.0,10.02,6.67,20.71,8.26,1.15,51.61,2.50,0.00,0.97,0.00,1.98,22.86,0.84,0.00,1.84,37.85,5.11,218.04,10.56,99.86,1.715,10.00,5.26,20.79,9.07,2.16,4.75,2.22,259.81,0.97,0.00,2.02,19.87,0.83,0.00,1.82,31.16,5.10,217.94,10.56,99.86,0.071,10.00,1.56,20.88,11.97,2.30,36.69,3.33,152.75,0.97,0.00,2.01,23.41,0.83,0.00,1.84,37.67,5.10,218.01,10.56,99.86,0.050
1788357175.833,241.000,289.0,10.01,1.54,21.26,10.39,1.16,12.03,2.50,0.00,0.97,0.00,2.07,29.58,0.83,0.00,1.78,31.72,5.52,201.85,10.56,99.86,0.907,10.01,4.10,21.21,8.58,2.44,11.86,5.00,0.00,0.97,0.00,2.08,24.23,0.85,0.00,1.78,27.78,5.51,201.02,10.56,99.86,0.071,10.00,1.47,21.13,11.90,2.44,14.56,5.00,0.00,0.98,0.00,2.05,19.87,0.83,0.00,1.78,29.45,5.52,201.25,10.56,99.86,0.100
1788357177.902,242.000,291.1,10.00,6.90,20.58,12.29,1.26,37.27,2.50,0.00,0.97,0.00,2.02,34.58,0.83,0.00,1.69,13.20,5.48,203.15,10.56,99.86,0.212,9.98,3.73,20.53,10.15,2.44,67.46,5.00,0.00,0.97,0.00,2.01,32.66,0.83,0.00,1.71,17.99,5.48,185.09,10.56,99.86,0.000,10.37,22.90,20.88,12.76,1.89,210.29,4.44,66.14,1.12,140.67,2.18,62.89,0.83,0.00,1.72,16.76,5.48,202.22,10.56,99.86,23.727
1788357180.166,243.000,293.3,10.00,3.51,21.59,11.90,1.65,208.87,2.78,149.67,0.97,0.00,2.04,30.77,0.83,0.00,1.82,36.81,4.90,225.52,10.56,99.86,0.050,10.51,21.29,22.13,12.84,1.65,212.64,4.44,66.14,1.55,374.05,2.65,161.08,0.83,0.00,1.81,36.12,4.91,225.75,10.56,99.86,24.521,10.00,2.32,22.03,13.39,2.19,4.10,3.33,152.75,0.97,0.00,2.26,55.67,0.83,0.00,1.79,21.75,4.91,225.29,10.56,99.86,23.682
1788357182.198,244.000,295.4,10.00,1.54,21.47,10.72,2.48,15.20,4.44,66.14,0.98,0.00,2.11,19.67,1.00,0.00,1.87,32.71,5.59,198.93,10.56,99.86,0.050,10.01,6.54,21.89,13.06,2.52,10.88,3.89,90.35,0.96,0.00,2.54,171.38,1.00,0.00,1.90,26.60,5.59,198.08,10.56,99.86,24.150,10.00,0.50,21.52,11.68,1.87,168.87,4.38,69.99,0.97,0.00,2.06,33.87,1.00,0.00,1.88,13.20,5.58,198.12,10.56,99.86,23.075
1788357184.416,245.000,297.6,9.99,2.43,21.17,10.81,2.37,16.04,5.00,0.00,0.99,0.00,2.10,36.26,0.82,0.00,1.87,33.36,5.17,214.98,10.56,99.86,0.000,10.01,5.12,21.17,11.46,1.15,49.27,3.33,100.00,0.97,0.00,2.00,19.60,0.83,0.00,1.84,31.04,5.17,215.33,10.56,99.86,23.393,10.00,3.07,21.26,10.86,1.15,50.88,2.78,80.00,0.96,0.00,2.01,28.62,0.83,0.00,1.86,24.07,5.17,215.53,10.56,99.86,22.300
1788357186.547,246.000,299.7,10.30,27.51,22.07,11.94,1.73,227.00,3.89,90.35,1.07,124.61,2.30,58.27,0.84,0.00,1.85,27.78,5.20,214.13,10.56,99.86,15.185,10.00,4.95,21.76,9.46,1.11,67.94,2.50,0.00,0.96,0.00,2.13,25.98,0.83,0.00,1.73,24.07,5.20,214.36,10.56,99.86,22.636,10.00,2.70,21.81,10.92,1.11,73.06,2.50,0.00,0.96,0.00,2.12,20.47,0.84,0.00,1.84,20.74,5.20,213.58,10.56,99.86,21.753
1788357188.599,247.000,301.8,10.03,7.68,21.13,10.79,1.86,205.95,3.75,94.28,0.96,0.00,2.12,72.19,0.84,0.00,1.76,30.35,5.50,201.60,10.56,99.86,14.530,10.01,3.55,20.83,7.55,1.23,7.05,2.50,0.00,0.96,0.00,2.06,38.41,0.83,0.00,1.69,5.66,5.49,201.20,10.56,99.86,21.908,10.00,2.29,20.96,11.01,1.23,7.48,2.50,0.00,0.94,0.00,2.06,28.48,0.83,0.00,1.76,29.63,5.50,201.59,10.56,99.86,21.030
1788357190.911,248.000,304.1,10.00,10.88,21.81,10.54,1.08,11.87,2.78,80.00,0.97,0.00,2.04,33.05,0.82,0.00,1.79,26.60,4.84,230.25,10.56,99.86,13.922,9.97,8.89,21.81,9.92,1.09,51.14,2.50,0.00,0.96,0.00,2.10,31.03,0.83,0.00,1.80,36.42,4.83,229.79,10.56,99.86,21.060,10.00,2.72,21.67,11.09,1.10,59.81,2.50,0.00,0.95,0.00,2.08,28.71,0.84,0.00,1.79,40.31,4.83,230.23,10.56,99.86,20.118
1788357192.958,249.000,306.1,10.14,11.02,21.81,9.89,1.18,5.26,2.50,0.00,0.96,0.00,2.11,18.00,0.83,0.00,1.83,29.63,5.48,202.93,10.56,99.86,13.306,10.01,4.32,21.76,10.11,1.22,7.53,2.50,0.00,0.96,0.00,2.11,28.62,0.83,0.00,1.83,32.71,5.48,202.23,10.56,99.86,20.777,9.99,0.52,21.81,10.47,1.22,6.58,2.50,0.00,0.96,0.00,2.09,27.62,0.83,0.00,1.84,32.71,5.48,202.60,10.56,99.86,19.436
1788357195.123,250.000,308.3,10.02,3.68,21.17,10.00,1.21,25.65,2.50,0.00,0.96,0.00,2.00,13.08,0.83,0.00,1.76,21.00,5.37,206.68,10.56,99.86,12.553,10.02,1.62,21.00,9.91,1.21,11.94,2.50,0.00,0.96,0.00,2.00,27.77,0.83,0.00,1.76,25.51,5.37,206.80,10.56,99.86,19.927,10.00,4.08,21.08,9.18,1.21,11.34,2.50,0.00,0.97,0.00,2.02,20.98,0.83,0.00,1.73,16.76,5.36,206.81,10.56,99.86,18.928
1788357197.308,251.000,310.5,10.02,3.90,21.63,13.03,1.06,26.21,2.50,0.00,0.96,0.00,2.10,36.00,0.84,0.00,1.81,19.87,5.06,219.36,10.56,99.86,11.863,10.04,2.57,21.81,10.33,1.12,21.14,2.50,0.00,0.95,0.00,2.08,26.44,0.83,0.00,1.80,24.07,5.07,219.75,10.56,99.86,19.227,10.00,2.63,21.76,9.81,1.13,19.06,2.50,0.00,0.96,0.00,2.11,24.08,0.84,0.00,1.84,16.11,5.07,218.19,10.56,99.86,18.351
1788357199.398,252.000,312.6,10.01,1.65,21.30,11.48,1.19,8.88,2.50,0.00,0.97,0.00,2.11,33.03,0.83,0.00,1.81,14.73,5.40,205.98,10.56,99.86,11.114,10.00,2.14,21.30,10.87,1.19,8.86,2.78,80.00,0.96,0.00,2.04,17.29,0.83,0.00,1.80,11.78,5.40,205.15,10.56,99.86,18.482,9.99,4.22,21.43,11.20,1.19,12.56,2.50,0.00,0.97,0.00,2.08,21.42,0.83,0.00,1.82,22.94,5.40,205.05,10.56,99.86,17.788
1788357201.649,253.000,314.8,10.03,3.43,21.63,9.42,1.09,71.09,2.50,0.00,0.96,0.00,2.06,25.04,0.84,0.00,1.81,31.16,4.93,228.82,10.56,99.86,10.478,10.00,3.92,21.76,11.06,1.09,72.66,2.78,80.00,0.96,0.00,2.08,25.51,0.84,0.00,1.82,33.04,4.93,228.94,10.56,99.86,17.855,10.02,2.15,21.81,9.92,1.09,38.39,2.50,0.00,0.97,0.00,2.10,31.11,0.83,0.00,1.79,21.75,4.93,228.31,10.56,99.86,17.192
1788357203.767,254.000,316.9,9.99,1.83,21.81,10.26,1.17,2.49,2.50,0.00,0.97,0.00,2.14,17.89,0.83,0.00,1.85,26.20,5.24,212.69,10.56,99.86,9.871,10.03,1.97,21.89,11.09,1.17,4.69,2.50,0.00,0.96,0.00,2.12,22.52,0.83,0.00,1.85,28.16,5.24,212.45,10.56,99.86,17.178,10.01,3.85,21.81,9.35,1.16,38.41,2.50,0.00,0.97,0.00,2.13,27.04,0.83,0.00,1.85,9.43,5.24,212.12,10.56,99.86,16.549
1788357205.907,255.000,319.1,10.04,5.14,21.21,11.92,1.19,2.03,2.50,0.00,0.97,0.00,2.08,12.45,0.83,0.00,1.75,6.53,5.33,208.30,10.56,99.86,9.188,10.01,2.30,21.30,11.18,1.18,4.80,2.50,0.00,0.97,0.00,2.05,17.66,0.83,0.00,1.76,11.78,5.33,207.71,10.56,99.86,16.397,10.02,1.86,21.21,10.12,1.19,10.56,2.50,0.00,0.97,0.00,2.04,9.54,0.83,0.00,1.76,13.20,4.15,207.25,9.44,99.83,15.877
1788357208.232,256.000,321.4,10.05,10.45,22.31,11.71,2.11,23.85,3.33,100.00,0.96,0.00,2.16,25.06,0.84,0.00,1.88,24.66,4.77,233.39,10.56,99.86,8.775,10.01,8.98,22.31,10.64,1.05,20.74,2.50,0.00,0.96,0.00,2.13,23.22,0.84,0.00,1.88,18.18,4.77,232.92,10.56,99.86,15.777,10.00,3.15,22.27,10.75,1.07,20.04,2.50,0.00,0.96,0.00,2.13,24.06,0.83,0.00,1.77,27.19,4.77,233.15,9.44,99.83,15.222
1788357210.360,257.000,323.5,10.00,3.50,22.27,10.47,1.18,7.83,3.33,100.00,0.97,0.00,2.16,26.00,0.83,0.00,1.89,21.25,5.30,209.62,10.56,99.86,8.171,9.99,7.16,22.18,10.07,1.77,205.30,3.33,100.00,0.97,0.00,2.16,16.61,0.83,0.00,1.88,18.18,5.30,208.22,10.56,99.86,15.124,10.01,0.81,22.31,11.52,1.77,203.54,3.12,97.98,0.96,0.00,2.17,23.49,0.83,0.00,1.78,26.20,5.30,208.25,10.56,99.86,14.547
1788357212.614,258.000,325.8,10.00,14.51,21.98,13.08,1.13,41.07,2.50,0.00,0.97,0.00,2.11,15.59,0.81,0.00,1.79,5.66,4.97,224.14,10.56,99.86,7.577,10.01,10.66,21.81,9.74,1.12,44.64,3.33,100.00,0.96,0.00,2.10,17.52,0.82,0.00,1.79,10.50,4.97,223.80,10.56,99.86,14.474,10.00,0.85,22.00,11.97,1.12,47.86,3.12,97.98,0.98,0.00,2.11,30.38,0.82,0.00,1.79,5.66,4.97,224.79,10.56,99.86,13.547
1788357214.808,259.000,328.0,9.93,3.04,22.04,13.40,1.15,54.51,2.50,0.00,0.97,0.00,2.16,11.09,0.83,0.00,1.87,15.43,5.15,216.22,10.56,99.86,6.992,10.01,1.69,22.27,10.37,1.15,60.24,2.50,0.00,0.97,0.00,2.17,24.72,0.83,0.00,1.87,10.50,5.15,215.72,10.56,99.86,13.824,9.97,3.11,22.18,10.42,1.14,58.40,2.50,0.00,0.96,0.00,2.18,24.56,0.83,0.00,1.87,21.75,5.16,215.39,10.56,99.86,12.947
1788357216.945,260.000,330.1,10.00,2.24,21.63,11.02,1.15,7.09,2.50,0.00,0.97,0.00,2.11,15.84,0.83,0.00,1.82,17.99,5.26,210.65,10.56,99.86,6.345,9.96,2.80,21.72,10.18,1.15,7.91,2.50,0.00,0.97,0.00,2.11,25.04,0.83,0.00,1.82,21.25,5.26,209.29,10.56,99.86,12.842,10.00,0.83,21.76,9.06,1.16,5.40,2.50,0.00,0.96,0.00,2.10,17.75,0.82,0.00,1.79,8.64,5.26,210.35,10.56,99.86,12.300
1788357219.320,261.000,332.5,9.93,8.95,22.31,9.97,1.06,56.64,2.50,0.00,0.97,0.00,2.21,26.98,0.83,0.00,1.87,13.60,4.77,232.87,10.56,99.86,5.471,9.98,3.38,22.49,11.13,1.06,53.43,2.50,0.00,0.97,0.00,2.19,25.04,0.83,0.00,1.87,13.20,4.54,225.49,10.56,99.86,12.232,10.00,0.92,22.59,10.68,1.05,47.27,2.50,0.00,0.96,0.00,2.14,26.74,0.83,0.00,1.89,27.78,4.79,231.43,10.56,99.86,11.650
1788357221.449,262.000,334.6,9.98,4.87,22.59,9.59,1.13,13.46,2.50,0.00,0.97,0.00,2.16,33.53,0.83,0.00,1.85,14.24,5.24,212.13,10.56,99.86,4.848,10.01,6.05,22.55,10.79,1.13,13.38,2.50,0.00,0.97,0.00,2.20,23.39,0.83,0.00,1.85,12.36,5.24,211.93,10.56,99.86,11.582,10.00,1.08,22.55,11.40,1.71,224.34,3.12,97.98,0.97,0.00,2.19,19.80,0.83,0.00,1.87,21.75,5.24,212.59,10.56,99.86,10.951
1788357223.711,263.000,336.9,10.00,5.82,22.09,9.49,1.11,40.67,2.50,0.00,0.97,0.00,2.12,24.49,0.83,0.00,1.84,10.50,4.96,223.31,10.56,99.86,4.215,10.00,5.37,21.85,9.69,1.10,41.78,2.50,0.00,0.97,0.00,2.13,13.11,0.83,0.00,1.84,10.50,4.95,222.88,10.56,99.86,10.932,10.00,1.84,21.94,10.95,1.10,41.74,2.78,80.00,0.97,0.00,2.13,18.63,0.83,0.00,1.82,1.89,4.95,224.91,10.56,99.86,10.233
1788357225.977,264.000,339.1,10.01,3.01,22.73,10.08,1.08,28.83,2.50,0.00,0.97,0.00,2.20,14.00,0.83,0.00,1.90,1.89,5.07,219.94,10.56,99.86,3.508,10.00,4.16,22.77,10.45,1.53,211.45,2.78,80.00,0.98,0.00,2.22,18.22,0.83,0.00,1.90,1.89,5.05,219.41,10.56,99.86,10.244,10.00,0.97,22.68,9.48,1.08,28.91,2.50,0.00,0.96,0.00,2.17,27.33,0.83,0.00,1.88,17.28,5.16,215.50,10.56,99.86,9.570
1788357228.164,265.000,341.3,9.97,2.90,22.18,10.18,1.16,0.00,2.50,0.00,0.97,0.00,2.16,19.67,0.83,0.00,1.84,16.44,5.20,213.57,10.56,99.86,2.853,10.01,1.21,22.13,10.64,1.16,0.27,3.12,97.98,0.97,0.00,2.15,15.59,0.83,0.00,1.86,11.47,5.20,212.88,10.56,99.86,9.195,9.98,1.78,22.31,10.60,1.16,0.96,2.50,0.00,0.97,0.00,2.13,10.77,0.83,0.00,1.83,21.75,5.20,213.60,10.56,99.86,8.631
1788357230.527,266.000,343.7,10.06,14.36,22.59,12.83,1.06,14.24,2.50,0.00,0.96,0.00,2.21,25.83,0.72,0.00,1.78,13.20,4.76,234.57,10.56,99.86,2.193,10.00,6.78,22.55,10.63,1.06,16.71,2.78,80.00,0.97,0.00,2.20,22.00,0.71,0.00,1.78,24.07,4.76,234.51,10.56,99.86,8.645,10.01,0.93,22.64,10.76,1.06,7.43,2.50,0.00,0.97,0.00,2.19,20.47,0.71,0.00,1.79,25.51,4.74,233.51,10.56,99.86,8.138
1788357232.709,267.000,345.9,10.00,6.40,22.73,12.34,1.13,5.94,2.50,0.00,0.98,0.00,2.21,22.16,0.83,0.00,1.82,21.25,5.10,218.93,10.56,99.86,1.000,10.01,2.25,22.73,10.22,1.13,11.92,2.50,0.00,0.97,0.00,2.24,15.36,0.83,0.00,1.82,33.04,5.10,218.35,10.56,99.86,8.045,10.00,1.42,22.77,11.45,1.13,6.93,2.50,0.00,0.97,0.00,2.22,15.84,0.83,0.00,1.80,18.57,5.09,217.93,10.56,99.86,7.567
1788357235.038,268.000,348.2,10.00,9.56,22.55,9.42,1.12,34.64,2.50,0.00,0.97,0.00,2.19,9.95,0.84,0.00,1.88,15.43,4.94,225.18,10.56,99.86,0.454,9.91,4.44,22.31,10.25,1.10,1.56,2.78,80.00,0.97,0.00,2.18,8.19,0.83,0.00,1.88,19.14,4.94,225.03,10.56,99.86,7.345,10.00,0.93,22.64,10.96,1.12,32.01,2.50,0.00,0.97,0.00,2.17,9.54,0.83,0.00,1.88,3.77,4.93,224.40,10.56,99.86,7.017
1788357237.298,269.000,350.5,10.00,10.40,22.82,11.44,0.73,0.00,1.87,94.28,0.98,0.00,2.25,10.72,0.72,0.00,1.82,27.78,4.94,225.78,10.56,99.86,0.241,9.99,1.92,22.87,12.49,1.07,44.84,2.78,80.00,0.97,0.00,2.22,17.29,0.72,0.00,1.79,32.71,4.94,225.71,10.56,99.86,6.745,10.00,1.76,23.01,9.71,1.10,7.76,2.50,0.00,0.97,0.00,2.21,16.58,0.71,0.00,1.82,24.73,4.95,224.28,10.56,99.86,6.546
1788357239.566,270.000,352.7,10.00,12.91,22.77,12.46,0.77,0.00,1.67,0.00,0.97,0.00,2.22,14.28,0.81,0.00,1.78,19.69,5.02,220.86,10.56,99.86,0.171,10.00,2.38,22.64,11.31,1.11,29.47,2.50,0.00,0.97,0.00,2.19,8.49,0.83,0.00,1.79,28.16,5.02,219.40,10.56,99.86,5.886,10.00,0.64,22.55,10.42,1.13,23.11,2.50,0.00,0.97,0.00,2.22,21.61,0.83,0.00,1.79,18.86,4.99,203.00,10.56,99.86,5.776
1788357241.923,271.000,355.1,10.00,4.55,23.14,11.18,1.04,30.34,2.14,94.28,0.98,0.00,2.26,15.07,0.83,0.00,1.82,33.99,4.70,237.35,10.56,99.86,0.191,10.00,6.02,23.05,10.80,1.05,38.36,2.50,0.00,0.97,0.00,2.28,12.12,0.71,0.00,1.82,24.51,4.70,237.94,10.56,99.86,5.285,10.00,1.43,23.09,10.43,1.06,24.03,2.50,0.00,0.97,0.00,2.26,20.47,0.71,0.00,1.82,37.67,4.70,236.16,10.56,99.86,5.176
1788357244.174,272.000,357.3,10.17,8.74,23.05,10.91,1.68,200.13,3.33,100.00,0.98,0.00,2.24,16.82,0.83,0.00,1.94,11.78,5.03,221.47,10.56,99.86,0.121,10.06,5.88,23.09,10.66,1.12,13.85,2.50,0.00,0.98,0.00,2.24,19.26,0.83,0.00,1.84,25.92,5.01,221.01,10.56,99.86,4.585,10.00,2.64,22.96,10.30,1.12,18.84,2.50,0.00,0.98,0.00,2.23,15.84,0.83,0.00,1.82,37.57,5.02,221.09,10.56,99.86,4.506
1788357246.561,273.000,359.7,9.98,8.13,23.23,11.01,1.08,6.69,3.33,100.00,0.97,0.00,2.25,23.15,0.71,0.00,1.83,13.20,4.69,237.86,10.56,99.86,0.050,10.03,10.86,23.09,11.04,1.08,5.39,2.50,0.00,0.97,0.00,2.19,10.95,0.71,0.00,1.84,11.78,4.69,238.04,10.56,99.86,4.085,10.00,1.28,23.23,10.08,1.04,28.56,2.50,0.00,0.98,0.00,2.20,9.95,0.71,0.00,1.81,26.13,4.69,237.64,10.56,99.86,3.893
1788357248.858,274.000,362.0,10.01,7.39,23.61,10.89,1.45,236.58,2.78,80.00,0.98,0.00,2.29,17.75,0.84,0.00,1.87,22.23,4.85,228.94,10.56,99.86,0.050,10.02,2.47,23.37,11.61,1.10,9.75,2.50,0.00,0.98,0.00,2.26,22.69,0.84,0.00,1.87,21.25,4.85,229.13,10.56,99.86,3.235,10.00,1.05,23.37,11.06,1.45,236.59,2.78,80.00,0.98,0.00,2.28,19.70,0.83,0.00,1.85,32.17,4.85,227.92,10.56,99.86,2.943
1788357251.172,275.000,364.3,10.25,25.31,23.09,13.43,1.09,27.63,2.78,80.00,1.22,219.98,2.49,88.38,0.83,0.00,1.90,8.22,4.88,228.08,10.56,99.86,24.448,9.95,6.81,23.15,9.75,1.66,209.29,3.12,97.98,0.98,0.00,2.25,19.87,0.83,0.00,1.89,4.99,4.88,228.04,10.56,99.86,2.462,9.99,2.90,23.01,11.27,2.21,14.49,3.89,90.35,0.97,0.00,2.25,7.68,0.71,0.00,1.81,31.16,4.88,227.92,10.56,99.86,2.134
1788357253.580,276.000,366.7,10.00,5.00,23.79,12.99,1.53,223.00,3.12,97.98,0.96,0.00,2.58,81.06,0.70,0.00,1.85,23.17,4.62,240.84,10.56,99.86,23.938,10.01,7.80,23.74,10.43,1.03,8.00,3.12,97.98,0.97,0.00,2.32,10.72,0.70,0.00,1.85,21.75,4.63,240.74,10.56,99.86,1.815,10.01,2.49,23.57,10.76,1.03,7.67,3.33,100.00,0.98,0.00,2.30,10.34,0.72,0.00,1.78,26.40,4.62,240.48,10.56,99.86,1.452
1788357255.851,277.000,369.0,10.06,3.27,23.33,10.44,1.10,23.50,2.78,80.00,0.96,0.00,2.28,14.56,0.84,0.00,1.79,38.51,4.95,223.07,10.56,99.86,23.273,10.00,4.92,23.47,10.82,1.09,9.47,2.50,0.00,0.97,0.00,2.30,14.25,0.84,0.00,1.79,40.31,4.95,223.47,10.56,99.86,1.071,10.05,2.89,23.33,10.54,1.09,1.44,2.50,0.00,0.97,0.00,2.25,10.20,0.83,0.00,1.87,15.43,4.95,222.48,10.56,99.86,0.524
1788357258.302,278.000,371.5,10.01,3.31,23.59,11.09,1.04,21.88,2.50,0.00,0.96,0.00,2.27,18.11,0.70,0.00,1.84,40.84,4.51,246.44,10.56,99.86,22.283,10.01,8.98,23.55,10.46,1.01,7.15,2.50,0.00,0.98,0.00,2.29,26.38,0.71,0.00,1.86,35.83,4.51,246.69,10.56,99.86,0.262,10.00,5.87,23.69,10.10,0.69,0.00,2.22,86.60,0.97,0.00,2.28,14.25,0.71,0.00,1.84,32.71,4.61,248.37,10.56,99.86,0.312
1788357260.604,279.000,373.8,10.00,4.98,23.69,10.20,1.08,21.43,2.50,0.00,0.96,0.00,2.29,14.70,0.84,0.00,1.78,36.71,4.89,227.81,10.56,99.86,21.576,10.01,5.98,23.83,10.72,0.54,0.00,1.87,188.56,0.98,0.00,2.34,18.11,0.83,0.00,1.79,36.81,4.88,226.40,10.56,99.86,0.050,10.02,2.79,23.79,10.17,0.50,0.00,1.88,94.28,0.98,0.00,2.32,5.92,0.84,0.00,1.78,27.78,4.88,226.98,10.56,99.86,0.200
1788357262.982,280.000,376.1,10.00,5.92,23.23,9.59,1.08,64.93,2.50,0.00,0.96,0.00,2.23,9.95,0.71,0.00,1.84,23.17,4.80,231.94,10.56,99.86,20.939,9.97,9.09,23.33,10.74,2.15,38.93,4.17,80.00,0.98,0.00,2.27,12.45,0.71,0.00,1.84,26.40,4.80,231.93,10.56,99.86,0.000,10.00,3.35,23.33,11.33,0.00,0.00,1.88,94.28,0.98,0.00,2.27,14.97,0.71,0.00,1.84,13.60,4.79,231.68,10.56,99.86,0.121
1788357265.379,281.000,378.5,10.01,5.44,23.93,10.03,1.03,25.82,2.50,0.00,0.96,0.00,2.30,9.17,0.71,0.00,1.78,10.50,4.65,239.00,10.56,99.86,20.232,10.02,4.45,23.88,10.56,2.02,22.12,5.00,0.00,0.97,0.00,2.35,10.34,0.71,0.00,1.77,11.31,4.65,239.11,10.56,99.86,0.071,10.00,0.90,23.83,11.58,2.06,27.48,5.00,0.00,0.97,0.00,2.36,14.70,0.83,0.00,1.83,24.07,4.65,238.58,10.56,99.86,0.121
1788357267.705,282.000,380.9,10.01,2.39,23.64,10.03,1.13,32.86,2.50,0.00,0.97,0.00,2.25,9.95,0.83,0.00,1.76,29.63,4.98,223.71,10.56,99.86,19.777,10.38,23.38,24.03,12.69,1.11,422.86,3.33,152.75,0.96,0.00,2.28,15.62,0.83,0.00,1.76,29.63,4.99,223.09,10.56,99.86,23.727,10.00,3.59,23.74,10.13,2.22,25.96,5.00,0.00,0.97,0.00,2.26,21.42,0.83,0.00,1.84,23.17,4.98,223.05,10.56,99.86,0.121
1788357270.137,283.000,383.3,10.00,2.47,23.83,9.83,1.02,33.61,2.50,0.00,0.92,0.00,2.30,19.67,0.71,0.00,1.79,22.23,4.59,243.57,10.56,99.86,19.277,10.01,4.95,24.05,12.19,2.06,39.07,3.89,139.97,0.96,0.00,2.29,17.29,0.72,0.00,1.79,24.51,4.59,226.33,10.56,99.86,23.579,10.41,22.28,24.29,11.31,1.32,285.12,3.89,90.35,1.61,415.77,2.77,144.39,0.71,0.00,1.78,10.50,4.60,242.65,10.56,99.86,24.019
1788357272.397,284.000,385.6,10.00,1.77,23.47,9.81,1.07,10.70,2.50,0.00,0.97,0.00,2.29,20.98,0.83,0.00,1.77,31.16,4.91,226.71,10.56,99.86,18.677,10.03,4.52,23.57,9.74,1.07,19.30,3.89,90.35,0.94,0.00,2.35,11.83,0.83,0.00,1.78,31.04,4.91,226.59,10.56,99.86,23.004,10.00,3.66,23.83,11.69,2.15,11.18,3.89,90.35,0.97,0.00,2.82,140.50,0.83,0.00,1.77,29.93,4.91,226.24,10.56,99.86,23.765
1788357274.896,285.000,388.1,10.00,1.87,23.74,10.46,1.02,38.53,2.50,0.00,0.95,0.00,2.28,22.36,0.71,0.00,1.76,31.72,4.59,242.01,10.56,99.86,17.905,10.00,1.91,23.79,9.62,1.02,34.83,2.50,0.00,0.94,0.00,2.23,28.98,0.71,0.00,1.76,31.72,4.59,242.72,10.56,99.86,22.086,10.01,1.94,23.79,10.56,1.02,25.77,3.33,100.00,0.95,0.00,2.26,24.74,0.71,0.00,1.79,25.51,4.58,240.80,10.56,99.86,22.841
1788357277.255,286.000,390.4,10.00,3.35,24.29,10.26,1.01,51.18,2.50,0.00,0.96,0.00,2.35,24.72,0.71,0.00,1.76,12.36,4.69,237.61,10.56,99.86,17.290,10.00,4.24,24.24,10.07,1.01,52.12,2.50,0.00,0.96,0.00,2.34,13.96,0.71,0.00,1.75,11.78,4.69,237.57,10.56,99.86,21.544,10.02,0.86,24.24,10.27,1.01,54.61,2.50,0.00,0.96,0.00,2.36,15.84,0.71,0.00,1.75,10.50,4.66,219.77,10.56,99.86,22.276
1788357279.605,287.000,392.8,10.02,2.98,23.59,9.58,1.05,29.09,2.50,0.00,0.97,0.00,2.29,29.58,0.83,0.00,1.86,31.72,4.75,235.84,10.56,99.86,16.681,10.00,3.63,23.59,10.03,1.05,40.10,2.50,0.00,0.96,0.00,2.30,22.00,0.72,0.00,1.77,23.63,4.75,234.57,10.56,99.86,20.944,10.01,1.43,23.37,10.14,1.05,40.75,2.50,0.00,0.96,0.00,2.30,25.38,0.83,0.00,1.87,22.23,4.75,235.13,10.56,99.86,21.774
1788357282.089,288.000,395.2,10.01,8.55,24.24,10.10,1.01,59.79,2.50,0.00,0.97,0.00,2.39,24.08,0.71,0.00,1.92,19.14,4.60,251.49,10.56,99.86,15.834,10.07,3.20,24.05,9.55,1.00,53.27,2.50,0.00,0.96,0.00,2.34,20.98,0.72,0.00,1.84,31.16,4.61,252.26,10.56,99.86,20.130,10.01,1.30,24.10,9.75,1.01,58.24,2.50,0.00,0.96,0.00,2.35,20.47,0.73,0.00,1.93,16.11,4.60,252.77,10.56,99.86,21.045
1788357284.409,289.000,397.6,10.00,3.14,24.10,10.51,1.08,35.61,2.50,0.00,0.97,0.00,2.34,31.29,0.83,0.00,1.90,16.11,4.87,228.47,10.56,99.86,15.214,10.00,4.04,24.05,9.37,1.08,33.81,2.50,0.00,0.94,0.00,2.30,23.73,0.83,0.00,1.88,11.78,4.87,228.25,10.56,99.86,19.496,10.00,1.32,23.83,9.93,1.08,33.59,2.50,0.00,0.94,0.00,2.31,23.15,0.83,0.00,1.89,17.99,4.87,227.72,10.56,99.86,20.498
1788357286.904,290.000,400.1,10.00,3.51,24.05,10.79,1.04,42.26,2.50,0.00,0.97,0.00,2.28,21.05,0.71,0.00,1.80,29.63,4.54,246.66,10.56,99.86,14.667,10.00,2.28,24.19,9.43,1.03,25.37,2.50,0.00,0.97,0.00,2.26,12.81,0.71,0.00,1.83,21.00,4.54,246.53,10.56,99.86,19.038,10.01,4.76,23.88,10.82,1.03,27.35,2.50,0.00,0.97,0.00,2.25,10.95,0.71,0.00,1.79,9.98,4.54,246.27,10.56,99.86,19.898
1788357289.268,291.000,402.4,9.96,6.24,24.10,11.62,1.07,16.63,2.50,0.00,0.97,0.00,2.35,14.80,0.84,0.00,1.81,24.94,4.80,231.01,10.56,99.86,13.708,10.00,7.29,24.19,10.43,1.07,17.76,2.50,0.00,0.94,0.00,2.31,14.97,0.82,0.00,1.82,18.86,4.80,231.65,10.56,99.86,18.281,10.00,0.87,24.29,9.90,1.07,17.20,2.50,0.00,0.94,0.00,2.30,16.37,0.83,0.00,1.80,21.75,4.80,230.90,10.56,99.86,19.055
1788357291.699,292.000,404.9,10.04,5.55,24.13,11.27,1.04,19.55,2.50,0.00,0.98,0.00,2.31,9.38,0.71,0.00,1.81,24.94,4.69,236.69,10.56,99.86,13.127,10.00,2.41,24.13,10.29,1.04,19.60,2.50,0.00,0.97,0.00,2.25,8.94,0.72,0.00,1.78,19.14,4.70,237.10,10.56,99.86,17.838,9.99,1.33,23.83,9.44,1.04,17.44,2.50,0.00,0.95,0.00,2.25,6.93,0.71,0.00,1.79,24.73,4.70,237.10,10.56,99.86,18.449
1788357294.124,293.000,407.3,10.01,4.12,24.29,11.60,1.03,21.68,2.50,0.00,0.97,0.00,2.36,14.53,0.71,0.00,1.76,8.64,4.60,241.29,10.56,99.86,12.577,10.00,4.35,24.34,10.29,1.02,25.64,2.50,0.00,0.96,0.00,2.34,18.33,0.71,0.00,1.74,14.73,4.61,242.44,10.56,99.86,17.339,10.01,0.87,24.24,9.97,1.02,26.79,2.50,0.00,0.96,0.00,2.33,19.90,0.71,0.00,1.76,11.78,4.60,242.80,10.56,99.86,17.937
1788357296.530,294.000,409.7,10.00,4.20,24.24,11.02,1.06,28.15,2.50,0.00,0.97,0.00,2.32,5.92,0.83,0.00,1.89,35.83,4.60,242.38,10.56,99.86,11.674,10.05,3.70,24.14,9.81,1.06,15.02,2.50,0.00,0.96,0.00,2.31,9.38,0.71,0.00,1.72,17.99,4.59,241.52,10.56,99.86,16.495,10.01,0.89,24.24,9.60,1.06,26.35,2.50,0.00,0.96,0.00,2.31,9.80,0.83,0.00,1.88,29.03,4.59,241.38,10.56,99.86,16.984
1788357299.031,295.000,412.2,10.00,6.00,24.55,10.40,1.01,0.00,2.50,0.00,0.98,0.00,2.39,9.11,0.71,0.00,1.85,35.33,4.61,250.26,10.56,99.86,11.074,10.01,3.48,24.54,9.37,1.01,0.00,2.50,0.00,0.96,0.00,2.36,17.20,0.71,0.00,1.74,16.44,4.61,249.95,10.56,99.86,15.927,10.00,2.39,24.55,10.15,1.02,0.00,2.50,0.00,0.96,0.00,2.38,18.33,0.71,0.00,1.87,26.20,4.61,249.84,10.56,99.86,16.434
1788357301.461,296.000,414.6,10.00,2.50,24.55,10.12,1.04,32.05,2.50,0.00,0.96,0.00,2.38,10.20,0.71,0.00,1.85,21.75,4.69,236.50,10.56,99.86,10.486,10.00,1.89,24.60,9.44,1.05,23.40,2.50,0.00,0.97,0.00,2.36,18.55,0.71,0.00,1.72,12.36,4.69,237.73,10.56,99.86,15.274,10.02,1.45,24.80,11.02,1.05,24.49,2.50,0.00,0.95,0.00,2.36,24.66,0.71,0.00,1.84,16.97,4.69,236.61,10.56,99.86,15.826
1788357303.971,297.000,417.1,10.03,7.23,24.55,9.95,0.96,0.00,2.50,0.00,0.97,0.00,2.39,19.47,0.71,0.00,1.79,23.63,4.43,259.54,10.56,99.86,9.624,10.07,5.34,24.65,10.63,0.95,0.00,2.50,0.00,0.97,0.00,2.44,10.39,0.72,0.00,1.76,22.63,4.43,259.24,10.56,99.86,14.404,10.01,1.84,24.85,10.46,0.95,0.00,2.50,0.00,0.97,0.00,2.42,10.72,0.71,0.00,1.80,19.87,4.43,258.95,10.56,99.86,15.026
1788357306.348,298.000,419.5,10.02,1.55,24.34,10.25,1.05,32.51,2.50,0.00,0.96,0.00,2.36,18.55,0.83,0.00,1.86,26.60,4.79,231.87,10.56,99.86,9.074,10.01,2.13,24.34,10.61,1.04,24.21,2.50,0.00,0.95,0.00,2.38,21.05,0.84,0.00,1.82,14.97,4.79,231.35,10.56,99.86,13.854,10.00,2.37,24.54,9.82,1.05,29.83,2.50,0.00,0.95,0.00,2.38,18.97,0.83,0.00,1.94,9.43,4.79,230.77,10.56,99.86,14.482
1788357308.858,299.000,422.0,10.01,1.59,24.34,9.72,1.02,28.50,2.50,0.00,0.98,0.00,2.36,15.07,0.72,0.00,1.79,30.35,4.55,244.95,10.56,99.86,8.086,10.02,1.54,24.34,10.09,1.02,22.48,2.50,0.00,0.96,0.00,2.28,20.07,0.71,0.00,1.83,12.36,4.55,243.89,10.56,99.86,13.297,10.01,1.58,24.54,10.09,1.02,25.34,2.50,0.00,0.96,0.00,2.29,17.75,0.71,0.00,1.87,35.83,4.55,244.15,10.56,99.86,13.821
1788357311.279,300.000,424.4,9.99,9.69,24.65,10.90,1.01,21.24,2.50,0.00,0.97,0.00,2.40,11.45,0.71,0.00,1.76,16.11,4.66,238.27,10.56,99.86,7.486,10.01,1.15,24.75,10.13,1.01,22.32,2.50,0.00,0.97,0.00,2.36,26.98,0.71,0.00,1.78,10.50,4.66,237.76,10.56,99.86,12.444,10.00,1.21,24.70,9.69,1.01,25.60,2.50,0.00,0.97,0.00,2.37,24.41,0.71,0.00,1.76,14.97,4.66,237.73,10.56,99.86,12.971
1788357313.749,301.000,426.9,10.01,1.03,24.34,10.67,1.01,67.05,2.50,0.00,0.97,0.00,2.36,17.89,0.84,0.00,1.84,25.92,4.54,245.50,10.56,99.86,6.886,10.00,1.48,24.34,8.97,1.01,54.00,2.50,0.00,0.97,0.00,2.34,17.75,0.72,0.00,1.74,3.77,4.54,245.02,10.56,99.86,11.847,10.00,2.46,24.54,8.93,1.01,58.77,2.50,0.00,0.97,0.00,2.36,19.39,0.83,0.00,1.84,28.53,4.54,244.06,10.56,99.86,12.413
1788357316.259,302.000,429.4,10.00,8.56,24.85,10.01,1.01,0.00,2.50,0.00,0.97,0.00,2.39,17.55,0.71,0.00,1.82,22.86,4.82,238.35,10.56,99.86,6.027,10.00,1.21,24.95,9.98,2.07,21.10,3.89,90.35,0.98,0.00,2.38,21.42,0.72,0.00,1.79,21.75,4.82,237.83,10.56,99.86,10.937,10.00,1.54,24.95,9.27,2.07,19.61,3.89,90.35,0.96,0.00,2.36,20.86,0.71,0.00,1.85,37.67,4.82,237.50,10.56,99.86,11.499
1788357318.757,303.000,431.9,9.97,3.54,24.85,10.49,1.02,37.20,2.50,0.00,0.97,0.00,2.43,10.72,0.71,0.00,1.79,12.36,4.55,244.45,10.56,99.86,5.429,10.00,1.50,24.85,10.14,1.01,25.41,3.89,90.35,0.97,0.00,2.42,11.45,0.70,0.00,1.76,8.64,4.55,240.32,10.56,99.86,10.319,10.00,1.73,25.10,9.99,0.98,0.00,3.89,90.35,0.98,0.00,2.42,13.08,0.73,0.00,1.76,25.92,4.55,241.48,10.56,99.86,10.908
1788357321.300,304.000,434.5,10.00,8.88,25.10,10.34,0.99,0.00,2.50,0.00,0.98,0.00,2.44,20.27,0.71,0.00,1.81,16.33,4.58,251.67,10.56,99.86,4.576,10.01,4.47,25.20,9.95,0.99,0.00,2.78,80.00,0.97,0.00,2.45,11.66,0.72,0.00,1.79,13.20,4.58,250.69,10.56,99.86,9.736,10.01,1.02,25.05,9.94,1.00,0.00,2.50,0.00,0.97,0.00,2.46,12.12,0.71,0.00,1.80,19.69,4.59,250.20,10.56,99.86,10.358
1788357323.773,305.000,436.9,10.01,3.41,25.05,10.20,0.96,0.00,2.50,0.00,0.97,0.00,2.51,21.79,0.71,0.00,1.80,16.97,4.56,251.92,10.56,99.86,3.976,10.00,1.23,25.15,10.29,0.97,0.00,2.50,0.00,0.97,0.00,2.43,16.49,0.70,0.00,1.80,11.78,4.55,251.79,10.56,99.86,8.878,10.00,1.12,25.05,9.55,1.00,40.14,2.50,0.00,0.97,0.00,2.43,19.26,0.72,0.00,1.79,7.54,4.55,251.49,10.56,99.86,9.449
1788357326.384,306.000,439.5,10.00,3.36,25.41,10.98,0.92,0.00,2.50,0.00,0.97,0.00,2.50,26.98,0.71,0.00,1.82,16.44,4.49,257.44,10.56,99.86,3.276,10.00,1.35,25.41,9.91,0.92,0.00,2.50,0.00,0.97,0.00,2.46,20.47,0.71,0.00,1.81,26.40,4.49,256.89,10.56,99.86,8.356,10.02,1.07,25.35,10.18,0.96,0.00,2.50,0.00,0.98,0.00,2.47,24.72,0.71,0.00,1.82,19.69,4.48,256.19,10.56,99.86,8.989
1788357328.892,307.000,442.1,10.01,6.39,25.71,10.72,2.05,38.91,3.75,94.28,0.97,0.00,2.49,15.59,0.72,0.00,1.82,15.43,4.54,227.44,10.56,99.86,2.535,9.97,6.28,25.35,13.60,1.02,10.76,2.50,0.00,0.97,0.00,2.47,13.38,0.71,0.00,1.84,22.86,4.54,243.09,10.56,99.86,7.638,10.00,2.17,25.61,10.04,0.96,0.00,2.50,0.00,0.97,0.00,2.46,18.87,0.71,0.00,1.82,18.57,4.54,243.77,10.56,99.86,8.255
1788357331.421,308.000,444.6,9.99,3.58,25.30,10.14,1.33,285.90,4.37,69.99,0.98,0.00,2.48,15.84,0.71,0.00,1.79,3.27,4.42,260.21,10.56,99.86,1.593,9.88,10.37,24.85,13.82,0.97,0.00,2.50,0.00,0.97,0.00,2.46,7.68,0.72,0.00,1.80,22.63,4.42,259.94,10.56,99.86,7.067,9.99,1.37,24.90,10.06,0.96,0.00,2.50,0.00,0.97,0.00,2.46,7.68,0.71,0.00,1.82,4.99,4.42,259.20,10.56,99.86,7.722
1788357333.935,309.000,447.1,10.01,5.70,25.35,10.34,0.97,0.00,2.78,80.00,0.97,0.00,2.50,11.31,0.71,0.00,1.81,4.99,4.72,243.01,10.56,99.86,0.919,10.02,1.67,25.25,10.06,0.98,0.00,2.50,0.00,0.97,0.00,2.46,9.95,0.71,0.00,1.82,21.25,4.72,242.78,10.56,99.86,6.196,10.00,0.78,25.25,10.50,1.01,0.00,2.50,0.00,0.97,0.00,2.46,8.25,0.71,0.00,1.81,6.53,4.72,241.44,10.56,99.86,6.972
1788357336.509,310.000,449.7,10.01,5.03,25.51,9.47,0.99,0.00,2.50,0.00,0.98,0.00,2.46,5.92,0.72,0.00,1.81,0.00,4.65,247.20,10.56,99.86,0.354,10.00,12.72,25.35,9.96,0.99,0.00,2.50,0.00,0.97,0.00,2.46,9.95,0.71,0.00,1.79,12.36,4.64,246.75,10.56,99.86,5.646,10.00,1.27,25.55,9.61,1.00,0.00,2.50,0.00,0.97,0.00,2.46,7.68,0.71,0.00,1.81,4.99,4.65,246.47,10.56,99.86,6.376
1788357339.032,311.000,452.2,10.00,4.09,25.41,9.27,0.50,0.00,1.87,188.56,0.97,0.00,2.50,7.48,0.71,0.00,1.83,3.77,4.53,253.95,10.56,99.86,0.000,10.02,7.71,25.56,10.47,0.98,0.00,2.50,0.00,0.96,0.00,2.48,5.92,0.71,0.00,1.82,8.22,4.53,253.94,10.56,99.86,4.726,10.00,2.49,25.61,10.11,1.00,0.00,2.50,0.00,0.96,0.00,2.50,2.83,0.71,0.00,1.82,1.89,4.53,250.06,10.56,99.86,5.611
1788357341.585,312.000,454.7,10.00,7.46,25.25,9.47,1.92,23.91,3.33,223.61,0.98,0.00,2.46,24.41,0.72,0.00,1.82,6.80,4.49,255.68,10.56,99.86,0.000,10.00,3.98,25.35,10.49,0.93,0.00,2.50,0.00,0.98,0.00,2.45,15.75,0.71,0.00,1.81,4.99,4.50,254.91,10.56,99.86,4.143,9.99,1.06,25.35,10.64,0.97,0.00,2.50,0.00,0.96,0.00,2.46,12.81,0.71,0.00,1.82,1.89,4.50,254.45,10.56,99.86,5.061
1788357344.219,313.000,457.4,10.01,8.59,26.02,9.57,1.88,19.28,5.00,0.00,0.97,0.00,2.51,29.55,0.72,0.00,1.86,7.54,4.50,249.25,10.56,99.86,0.000,9.98,5.57,25.97,10.39,1.25,304.20,2.78,80.00,0.97,0.00,2.52,20.49,0.71,0.00,1.87,10.50,4.50,255.57,10.56,99.86,3.343,10.01,1.31,26.02,10.36,0.96,0.00,2.50,0.00,0.97,0.00,2.54,7.68,0.71,0.00,1.86,9.98,4.50,253.61,10.56,99.86,4.261
1788357346.735,314.000,459.9,10.33,23.62,26.16,10.91,1.99,0.00,3.33,152.75,1.65,441.76,3.06,130.66,0.71,0.00,1.86,9.43,4.59,249.76,10.56,99.86,23.720,9.99,10.99,25.65,10.83,1.97,8.66,3.89,90.35,0.97,0.00,2.53,16.59,0.71,0.00,1.84,19.87,4.57,248.68,10.56,99.86,2.693,9.99,4.78,25.76,10.28,0.98,0.00,2.50,0.00,0.99,0.00,2.52,19.03,0.71,0.00,1.82,8.22,4.30,239.66,10.56,99.86,3.730
1788357349.414,315.000,462.6,9.70,12.45,26.23,11.97,1.84,43.45,3.75,149.07,0.96,0.00,3.00,134.88,0.71,0.00,1.85,21.00,4.23,273.27,10.56,99.86,23.333,9.74,13.32,25.76,11.01,1.23,298.38,4.37,69.99,0.97,0.00,2.52,20.65,0.70,0.00,1.87,5.66,4.23,272.94,10.56,99.86,1.734,9.96,1.60,25.86,10.76,1.21,297.85,2.78,80.00,0.98,0.00,2.52,25.47,0.71,0.00,1.88,10.50,4.23,249.47,10.56,99.86,2.985
1788357351.922,316.000,465.1,10.01,9.84,26.07,11.97,0.97,0.00,3.33,100.00,0.96,0.00,2.53,23.22,0.72,0.00,1.88,17.99,4.60,249.01,10.56,99.86,22.686,10.03,7.13,25.86,10.53,0.97,0.00,2.78,80.00,0.97,0.00,2.52,19.17,0.74,0.00,1.82,14.97,4.60,248.35,10.56,99.86,1.061,9.99,3.01,25.91,11.03,1.51,215.44,3.33,100.00,0.97,0.00,2.52,20.49,0.72,0.00,1.84,23.63,4.60,247.83,10.56,99.86,2.268
1788357354.594,317.000,467.8,9.97,10.01,26.05,11.70,1.24,331.67,2.78,80.00,0.96,0.00,2.47,10.34,0.71,0.00,1.85,23.55,4.32,268.67,10.56,99.86,21.936,9.97,8.89,26.10,10.24,0.88,0.00,2.50,0.00,0.97,0.00,2.52,11.76,0.71,0.00,1.87,23.55,4.31,265.67,10.56,99.86,0.333,9.99,4.06,25.86,11.14,0.89,0.00,2.78,80.00,0.98,0.00,2.51,12.80,0.63,0.00,1.76,11.31,4.31,268.77,10.56,99.86,1.311
1788357357.129,318.000,470.3,10.00,6.12,26.07,11.37,1.03,0.00,2.78,80.00,0.96,0.00,2.44,18.41,0.72,0.00,1.87,14.73,4.50,247.01,10.56,99.86,21.394,10.06,7.88,26.10,10.71,0.50,0.00,1.88,188.56,0.99,0.00,2.51,16.86,0.72,0.00,1.85,20.74,4.50,246.89,10.56,99.86,0.171,10.00,0.65,26.10,10.36,1.03,0.00,2.50,0.00,0.98,0.00,2.50,20.40,0.72,0.00,1.79,12.36,4.50,244.52,10.56,99.86,0.707
1788357359.819,319.000,473.0,10.05,12.25,26.05,10.18,0.85,0.00,2.50,0.00,0.94,0.00,2.51,38.91,0.63,0.00,1.79,10.50,4.17,276.72,10.56,99.86,20.746,10.06,8.10,25.91,10.26,1.60,0.00,1.43,500.00,0.98,0.00,2.55,32.50,0.63,0.00,1.81,3.27,4.17,276.71,10.56,99.86,0.071,9.99,3.91,25.91,9.06,0.50,0.00,1.87,188.56,0.98,0.00,2.56,33.12,0.63,0.00,1.79,12.36,4.16,276.81,10.56,99.86,0.333
1788357362.307,320.000,475.5,10.00,6.90,25.86,10.13,1.01,0.00,2.50,0.00,0.96,0.00,2.46,41.23,0.71,0.00,1.79,10.50,4.53,245.60,10.56,99.86,20.202,10.01,4.12,25.86,9.46,2.02,9.92,5.00,0.00,0.98,0.00,2.56,30.21,0.71,0.00,1.79,9.43,4.53,245.49,10.56,99.86,0.071,10.02,2.49,25.86,9.98,0.50,0.00,1.87,188.56,0.97,0.00,2.57,30.00,0.71,0.00,1.79,13.20,4.53,244.74,10.56,99.86,0.241
1788357364.998,321.000,478.2,9.90,6.19,25.86,10.50,0.94,0.00,2.50,0.00,0.95,0.00,2.49,29.46,0.72,0.00,1.79,12.36,4.47,257.65,10.56,99.86,19.444,9.97,2.01,25.86,10.35,1.28,281.59,4.44,66.14,0.97,0.00,2.48,10.20,0.72,0.00,1.79,10.50,4.47,257.48,10.56,99.86,0.050,10.00,1.14,25.86,10.38,1.00,0.00,1.11,500.00,0.97,0.00,2.48,10.20,0.71,0.00,1.80,6.53,4.47,257.46,10.56,99.86,0.150
1788357367.550,322.000,480.7,9.97,8.78,26.26,9.81,0.95,0.00,2.50,0.00,0.94,0.00,2.54,20.33,0.71,0.00,1.79,11.31,4.53,253.82,10.56,99.86,18.978,10.01,3.78,26.82,11.68,1.94,25.52,3.89,90.35,0.94,0.00,2.78,80.28,0.72,0.00,1.80,14.24,4.53,252.55,10.56,99.86,23.927,10.00,1.54,26.21,9.59,0.95,0.00,2.50,0.00,0.98,0.00,2.57,19.82,0.71,0.00,1.80,17.28,4.53,252.53,10.56,99.86,0.100
1788357370.199,323.000,483.4,9.97,10.89,25.86,10.35,0.96,0.00,2.50,0.00,0.96,0.00,2.43,16.82,0.69,0.00,1.82,9.98,4.57,251.60,10.56,99.86,18.106,10.02,7.41,26.37,11.27,1.31,280.35,4.37,69.99,0.97,0.00,2.74,83.08,0.71,0.00,1.84,11.47,4.57,251.41,10.56,99.86,23.603,10.00,3.37,25.86,9.82,1.97,21.76,3.33,152.75,0.97,0.00,2.56,20.33,0.71,0.00,1.84,8.64,4.57,250.46,10.56,99.86,0.071
1788357372.849,324.000,486.0,10.02,6.46,26.75,11.61,0.99,0.00,2.50,0.00,0.97,0.00,2.51,27.90,0.73,0.00,1.80,23.17,4.59,248.14,10.56,99.86,17.588,9.98,5.06,26.64,10.87,0.99,0.00,3.33,100.00,0.94,0.00,2.51,15.47,0.71,0.00,1.82,17.99,4.58,248.05,10.56,99.86,22.728,10.00,0.87,26.75,10.92,1.96,17.94,5.00,0.00,0.98,0.00,2.57,20.61,0.71,0.00,1.81,19.60,4.58,249.79,10.56,99.86,0.000
1788357375.463,325.000,488.6,10.03,6.02,26.32,10.88,0.95,0.00,2.50,0.00,0.97,0.00,2.56,20.65,0.72,0.00,1.82,22.94,4.38,261.24,10.56,99.86,16.746,10.04,3.71,26.21,10.91,0.96,0.00,2.50,0.00,0.97,0.00,2.54,11.48,0.71,0.00,1.85,12.36,4.38,260.75,10.56,99.86,22.206,10.57,21.06,26.88,12.00,1.28,287.18,4.44,66.14,1.46,346.26,2.93,118.43,0.71,0.00,1.87,14.24,4.39,260.76,10.56,99.86,27.671
1788357378.185,326.000,491.3,10.00,16.75,26.61,11.27,0.99,0.00,2.50,0.00,0.97,0.00,2.56,22.57,0.63,0.00,1.82,11.47,4.50,255.73,10.56,99.86,16.277,10.05,8.15,26.82,9.97,1.00,0.00,2.50,0.00,0.96,0.00,2.56,19.37,0.71,0.00,1.85,24.51,4.52,254.93,10.56,99.86,21.609,10.00,1.84,27.16,11.24,1.94,36.42,3.89,90.35,0.95,0.00,3.00,116.11,0.62,0.00,1.82,19.96,4.55,253.13,10.56,99.86,27.569
1788357380.779,327.000,493.9,10.01,11.88,26.55,12.25,0.93,0.00,2.50,0.00,0.98,0.00,2.57,22.29,0.71,0.00,1.83,16.44,4.45,258.84,10.56,99.86,15.412,10.05,9.04,26.61,10.20,0.93,0.00,2.50,0.00,0.97,0.00,2.56,19.66,0.71,0.00,1.79,24.51,4.45,258.14,10.56,99.86,21.098,9.99,1.77,26.42,9.43,0.93,0.00,3.89,90.35,0.95,0.00,2.51,27.06,0.71,0.00,1.82,16.76,4.44,258.22,10.56,99.86,26.795
1788357383.557,328.000,496.7,10.05,11.71,26.88,10.98,0.87,0.00,2.50,0.00,0.94,0.00,2.60,16.67,0.62,0.00,1.85,21.75,4.21,271.62,10.56,99.86,14.651,9.97,11.45,26.77,10.74,0.87,0.00,2.50,0.00,0.95,0.00,2.54,9.67,0.62,0.00,1.83,28.16,4.21,268.46,10.56,99.86,20.348,10.01,2.13,26.82,9.22,0.87,0.00,2.78,80.00,0.92,0.00,2.52,22.00,0.62,0.00,1.84,8.22,4.21,250.15,10.56,99.86,26.186
1788357386.146,329.000,499.3,10.00,4.07,26.82,10.21,0.95,0.00,2.50,0.00,0.97,0.00,2.57,22.26,0.71,0.00,1.82,16.76,4.41,261.31,10.56,99.86,14.097,10.00,1.27,26.82,10.42,0.93,0.00,2.50,0.00,0.96,0.00,2.56,10.61,0.71,0.00,1.83,4.99,4.41,260.75,10.56,99.86,19.548,9.99,2.37,26.77,9.48,0.94,0.00,2.50,0.00,0.95,0.00,2.51,24.97,0.71,0.00,1.85,12.36,4.41,260.01,10.56,99.86,25.462
1788357388.899,330.000,502.1,10.08,7.92,26.55,10.05,0.91,0.00,2.50,0.00,0.96,0.00,2.57,26.12,0.71,0.00,1.91,16.44,4.22,273.28,10.56,99.86,13.244,10.00,6.67,26.82,9.79,0.90,0.00,2.50,0.00,0.96,0.00,2.59,18.52,0.63,0.00,1.84,27.78,4.22,268.55,10.56,99.86,19.056,10.00,1.70,26.55,9.47,0.90,0.00,2.50,0.00,0.95,0.00,2.50,26.23,0.71,0.00,1.93,6.80,4.21,269.08,10.56,99.86,25.173
